state_code,district_code,district_sort,district_label,candidate_count,major_party_candidate_count,total_itemized_receipts,tech_itemized_receipts,tech_itemized_donors,ie_support_total,ie_oppose_total,tech_funded_ie_support_total,tech_funded_ie_oppose_total,dem_tech_itemized_receipts,rep_tech_itemized_receipts,ie_net_support,tech_funded_ie_net_support,top_candidate_name,top_candidate_party,top_candidate_tech_itemized_receipts,dem_candidate_name,rep_candidate_name,other_candidate_names,pct_dem,pct_rep,party_label
AK,AL,0,AK-AL,13,6,8048798,67951,56.0,7644765,19963029,5474667,10953147,67751,200,-12318264,-5478480,"PELTOLA, MARY",D,67751,"PELTOLA, MARY","BEGICH, NICHOLAS III","AMBROSE, DAVID; DUTCHESS, LADY DONNA; HOWE, JOHN WAYNE",99.70567026239496,0.29432973760503894,D
AL,01,1,AL-01,6,6,1327647,3300,1.0,284303,2430394,15638,0,0,3300,-2146091,15638,"CARL, JERRY LEE, JR",R,3300,"HOLMES, THOMAS BETHUNE MR.","CARL, JERRY LEE, JR",,0.0,100.0,R
AL,02,2,AL-02,22,22,3810376,18202,20.0,2815610,349032,28611,0,13882,4320,2466578,28611,"FIGURES, SHOMARI C.",D,13632,"FIGURES, SHOMARI C.","DOBSON, CAROLEENE",,76.26634435776289,23.733655642237117,D
AL,03,3,AL-03,5,5,2304928,27950,9.0,0,0,0,0,0,27950,0,0,"ROGERS, MICHAEL",R,27950,,"ROGERS, MICHAEL",,0.0,100.0,R
AL,04,4,AL-04,2,2,597877,0,0.0,0,0,0,0,0,0,0,0,"ADERHOLT, ROBERT B. REP.",R,0,,"ADERHOLT, ROBERT B. REP.",,,,Unknown
AL,05,5,AL-05,1,1,627949,6950,2.0,0,0,0,0,0,6950,0,0,"STRONG, DALE WHITNEY",R,6950,,"STRONG, DALE WHITNEY",,0.0,100.0,R
AL,06,6,AL-06,5,4,1324832,145,1.0,0,0,0,0,145,0,0,0,"ANDERSON, ELIZABETH",D,145,"ANDERSON, ELIZABETH","MCFEETERS, KENNETH R","STEWART, KEVIN G MR",100.0,0.0,D
AL,07,7,AL-07,4,4,885693,3800,2.0,68609,0,0,0,3800,0,68609,0,"SEWELL, TERRI A.",D,3800,"SEWELL, TERRI A.","LITAKER, ROBIN DR.",,100.0,0.0,D
AR,01,1,AR-01,3,2,353940,500,1.0,0,0,0,0,0,500,0,0,"CRAWFORD, ERIC ALAN RICK",R,500,"GOVENS, RODNEY","CRAWFORD, ERIC ALAN RICK",,0.0,100.0,R
AR,02,2,AR-02,6,6,2031286,30950,10.0,156346,0,0,0,250,30700,156346,0,"HILL, JAMES FRENCH",R,30700,"JONES, MARCUS","HILL, JAMES FRENCH",,0.8077544426494345,99.19224555735056,R
AR,03,3,AR-03,4,3,1324535,7600,2.0,171564,15087,0,0,1000,6600,156477,0,"WOMACK, STEPHEN A THE HON",R,6600,"MATTELIN, CAITLIN RAE DRAPER","WOMACK, STEPHEN A THE HON",,13.157894736842104,86.8421052631579,R
AR,04,4,AR-04,2,2,1028440,0,0.0,602,0,0,0,0,0,602,0,"WESTERMAN, BRUCE",R,0,"HOWARD, RISI","WESTERMAN, BRUCE",,,,Unknown
AS,AL,0,AS-AL,4,2,61440,0,0.0,0,0,0,0,0,0,0,0,"AMATA, AUMUA",R,0,"KUAEA, LOUISE LEALAI MRS.","AMATA, AUMUA",,,,Unknown
AZ,01,1,AZ-01,18,15,12685835,82765,88.0,5466485,20213110,4361581,18579491,82665,100,-14746625,-14217910,"SHAH, AMISH DR.",D,61883,"SHAH, AMISH DR.","GEORGE, KIMBERLY","GAYLES, KIESHA; MARTIN, MICHELLE",99.87917598018487,0.12082401981513924,D
AZ,02,2,AZ-02,4,4,6042571,7392,17.0,555898,55260,464714,0,6133,1259,500638,464714,"NEZ, JONATHAN MICHAEL",D,6133,"NEZ, JONATHAN MICHAEL","CRANE, ELI",,82.96807359307358,17.031926406926406,D
AZ,03,3,AZ-03,11,9,2965975,10150,16.0,5227349,557148,2466747,513898,10150,0,4670201,1952849,"ANSARI, YASSAMIN",D,8800,"ANSARI, YASSAMIN","MENDOZA, JESUS DAVID",,100.0,0.0,D
AZ,04,4,AZ-04,6,5,2879309,7850,5.0,43242,0,1608,0,7850,0,43242,1608,"STANTON, GREG",D,7850,"STANTON, GREG","COOPER, KELLY","BECK-JONES, VINCENT",100.0,0.0,D
AZ,05,5,AZ-05,6,4,754702,800,2.0,3396,0,3396,0,300,500,3396,3396,"BIGGS, ANDY",R,500,"SCHAFFNER, KATRINA","BIGGS, ANDY","OLSON, EVAN ANDREW; SMITH, CLINT WILLIAM",37.5,62.5,Mixed
AZ,06,6,AZ-06,9,5,8714492,52501,49.0,6108393,16027709,5520995,14815744,44683,7818,-9919316,-9294749,"ENGEL, KIRSTEN",D,44683,"ENGEL, KIRSTEN","CISCOMANI, JUAN","CAST, CLIFFORD VANCE DR; POZZOLO, LUIS; SIARTO, MARK ROBERT",85.10885506942725,14.89114493057275,D
AZ,07,7,AZ-07,3,3,348985,500,1.0,682,0,0,0,500,0,682,0,"GRIJALVA, RAUL M",D,500,"GRIJALVA, RAUL M","BUTIEREZ, DANIEL",,100.0,0.0,D
AZ,08,8,AZ-08,13,12,2397927,12701,11.0,3172005,767892,436043,0,4550,8151,2404113,436043,"WHITTEN, GREGORY",D,4550,"WHITTEN, GREGORY","TOMA, BEN","SPREITZER, JEREMY",35.823950870010236,64.17604912998976,Mixed
AZ,09,9,AZ-09,4,3,432477,1500,2.0,2640,9166,2640,0,1000,500,-6526,2640,"SMITH, QUACY L",D,1000,"SMITH, QUACY L","GOSAR, PAUL DR.","LUCIER, DAVID",66.66666666666666,33.33333333333333,Mixed
CA,01,1,CA-01,12,9,628700,0,0.0,273,0,116,0,0,0,273,116,"LAMALFA, DOUG",R,0,"YEE, ROSE PENELOPE","LAMALFA, DOUG","LAVIN, JEFFREY R MR.",,,Unknown
CA,02,2,CA-02,5,3,547148,0,0.0,502,0,167,0,0,0,502,167,"HUFFMAN, JARED",D,0,"HUFFMAN, JARED","COULOMBE, CHRIS MR","KANGAS, JOLIAN",,,Unknown
CA,03,3,CA-03,4,3,4570110,73200,38.0,365473,25022,187507,0,48675,24525,340451,187507,"MORSE, JESSICA",D,48675,"MORSE, JESSICA","KILEY, KEVIN",,66.49590163934425,33.50409836065574,Mixed
CA,04,4,CA-04,5,4,808299,0,0.0,25263,0,161,0,0,0,25263,161,"THOMPSON, MIKE MR.",D,0,"THOMPSON, MIKE MR.","MUNN, JOHN","PATWARDHAN, NIKET",,,Unknown
CA,05,5,CA-05,4,3,732114,500,1.0,157,0,0,0,0,500,157,0,"MCCLINTOCK, THOMAS",R,500,"BARKLEY, MICHAEL JAMES MR.","MCCLINTOCK, THOMAS","WOZNIAK, STEVE",0.0,100.0,R
CA,06,6,CA-06,12,11,544207,7719,6.0,391,0,180,0,7719,0,391,180,"BERA, AMERISH",D,7719,"BERA, AMERISH","DELUZ, CRAIG","RICHARDSON, CHRIS",100.0,0.0,D
CA,07,7,CA-07,4,4,449134,3300,1.0,347,0,180,0,3300,0,347,180,"MATSUI, DORIS",D,3300,"MATSUI, DORIS","SILVA, THOMAS",,100.0,0.0,D
CA,08,8,CA-08,2,2,524030,6600,1.0,346,0,179,0,6600,0,346,179,"GARAMENDI, JOHN",D,6600,"GARAMENDI, JOHN","RECILE, RUDY",,100.0,0.0,D
CA,09,9,CA-09,6,5,4800475,120507,62.0,125131,959332,2700,928232,120507,0,-834201,-925532,"HARDER, JOSH",D,120507,"HARDER, JOSH","LINCOLN, KEVIN J II","FENG, KARENA APPLE MS.",100.0,0.0,D
CA,10,10,CA-10,7,4,282513,500,1.0,1346,0,179,0,500,0,1346,179,"DESAULNIER, MARK",D,500,"DESAULNIER, MARK","CHEN, NOLAN","ELSHERBINI, MOHAMED S MR; KERR, MICHAEL; SWEENEY, JOSEPH J",100.0,0.0,D
CA,11,11,CA-11,10,9,5420678,59704,41.0,17419,0,7252,0,55354,4350,17419,7252,"PELOSI, NANCY",D,55354,"PELOSI, NANCY","LOU, BRUCE C","BLUE, ELIJAH LEWIS",92.71405600964759,7.285943990352404,D
CA,12,12,CA-12,14,14,2326718,30825,34.0,7864,0,2180,0,30825,0,7864,2180,"SIMON, LATEEFAH",D,19580,"SIMON, LATEEFAH","SLAUSON, STEPHEN",,100.0,0.0,D
CA,13,13,CA-13,7,7,5796896,70538,67.0,3310157,20801887,2602946,20406164,70538,0,-17491730,-17803218,"GRAY, ADAM C.",D,69038,"GRAY, ADAM C.","DUARTE, JOHN",,100.0,0.0,D
CA,14,14,CA-14,6,6,2822291,66203,20.0,337,0,180,0,59050,7153,337,180,"SWALWELL, ERIC MICHAEL",D,59050,"SWALWELL, ERIC MICHAEL","KRUTTIVENTI, VIN",,89.19535368487833,10.804646315121671,D
CA,15,15,CA-15,2,2,389691,6741,9.0,3909,0,3742,0,5600,1141,3909,3742,"MULLIN, KEVIN",D,5600,"MULLIN, KEVIN","KRAMER, ANNA CHENG",,83.07372793354102,16.926272066458985,D
CA,16,16,CA-16,16,15,12445354,609264,290.0,6471164,596258,1152736,0,609264,0,5874906,1152736,"LICCARDO, SAM T.",D,279825,"LICCARDO, SAM T.","OHTAKI, PETER I","VISWANATHAN, NICKESH",100.0,0.0,D
CA,17,17,CA-17,5,4,9434918,508185,162.0,109978,0,180,0,507335,850,109978,180,"KHANNA, ROHIT",D,506085,"KHANNA, ROHIT","CHEN, ANITA S",,99.83273807766857,0.16726192233143442,D
CA,18,18,CA-18,6,4,1540459,141750,44.0,199343,0,23256,0,140950,800,199343,23256,"LOFGREN, ZOE",D,140950,"LOFGREN, ZOE","HERNANDEZ, PETER","KEIVAULQE AUTIAMEINEIRE, FEPBRINA ESTRELVIA; KIFLE, LUELE",99.43562610229277,0.5643738977072311,D
CA,19,19,CA-19,5,4,1453282,13550,8.0,16264,0,180,0,13050,0,16264,180,"PANETTA, JIMMY",D,13050,"PANETTA, JIMMY","ANDERSON, JASON","DOUGHERTY, SEAN JACOB",100.0,0.0,D
CA,20,20,CA-20,20,16,11021409,165203,17.0,684048,270552,27818,50,3525,161678,413496,27768,"MCCARTHY, KEVIN",R,154878,"BURROWS, JOHNATHON","MCCARTHY, KEVIN","DEWELL, BEN",2.1337384914317536,97.86626150856824,R
CA,21,21,CA-21,2,2,1287683,2500,1.0,60337,0,180,0,2500,0,60337,180,"COSTA, JIM",D,2500,"COSTA, JIM","MAHER, MICHAEL A",,100.0,0.0,D
CA,22,22,CA-22,4,4,4935113,57661,63.0,7646598,16915962,5399416,16216584,56536,1125,-9269364,-10817168,"SALAS, RUDY",D,56536,"SALAS, RUDY","VALADAO, DAVID",,98.04894122543834,1.951058774561662,D
CA,23,23,CA-23,4,4,1075442,31777,17.0,2671,22000,14,0,5677,26100,-19329,14,"OBERNOLTE, JAY",R,26100,"MARSHALL, DEREK","OBERNOLTE, JAY",,17.865122572930105,82.1348774270699,R
CA,24,24,CA-24,3,3,1194468,800,1.0,38090,157,179,0,800,0,37933,179,"CARBAJAL, SALUD O.",D,800,"CARBAJAL, SALUD O.","COLE, THOMAS DR",,100.0,0.0,D
CA,25,25,CA-25,6,5,1506651,6160,7.0,376,0,209,0,6160,0,376,209,"RUIZ, RAUL DR.",D,4050,"RUIZ, RAUL DR.","CHAPA, MIGUEL",,100.0,0.0,D
CA,26,26,CA-26,5,5,777917,0,0.0,229774,0,177201,0,0,0,229774,177201,"BROWNLEY, JULIA",D,0,"BROWNLEY, JULIA","KOSLOW, MICHAEL",,,,Unknown
CA,27,27,CA-27,4,4,9543177,106173,80.0,6689295,20672070,5119353,20505138,95483,10690,-13982775,-15385785,"WHITESIDES, GEORGE",D,95483,"WHITESIDES, GEORGE","GARCIA, MICHAEL",,89.93152684769198,10.068473152308027,D
CA,28,28,CA-28,7,5,1366392,1650,1.0,382,0,161,0,1650,0,382,161,"CHU, JUDY",D,1650,"CHU, JUDY","VERLATO, APRIL",,100.0,0.0,D
CA,29,29,CA-29,5,5,750804,8600,5.0,70825,0,20247,0,8600,0,70825,20247,"RIVAS, LUZ",D,4800,"RIVAS, LUZ","BERNAL, BENITO",,100.0,0.0,D
CA,30,30,CA-30,22,21,6434605,51077,46.0,470247,63043,2182,0,51077,0,407204,2182,"PORTANTINO, ANTHONY",D,20800,"PORTANTINO, ANTHONY","BALEKIAN, ALEX ARTO","BOCANEGRA, JOSH",100.0,0.0,D
CA,31,31,CA-31,12,10,1476710,3300,1.0,2738,2738,0,0,3300,0,0,0,"RUBIO, SUSAN",D,3300,"RUBIO, SUSAN","MARTINEZ, DANIEL JOSE BOCIC MR. ESQ.","LEVI, ERSKINE LINCOLN JR",100.0,0.0,D
CA,32,32,CA-32,11,11,1229292,1000,1.0,502,0,335,0,1000,0,502,335,"SHERMAN, BRAD",D,1000,"SHERMAN, BRAD","THOMPSON, LARRY",,100.0,0.0,D
CA,33,33,CA-33,5,3,2192724,38450,15.0,10189,157,179,0,38450,0,10032,179,"AGUILAR, PETE",D,38450,"AGUILAR, PETE","HERMAN, THOMAS","PORTER, JOHN MARK",100.0,0.0,D
CA,34,34,CA-34,6,5,1565717,14274,12.0,2368478,592409,1856982,592409,14274,0,1776069,1264573,"KIM, DAVID",D,8774,"KIM, DAVID","LEE, CALVIN","REVELES, AARON",100.0,0.0,D
CA,35,35,CA-35,4,4,269271,3800,2.0,336,0,179,0,3300,500,336,179,"TORRES, NORMA",D,3300,"TORRES, NORMA","CARGILE, MIKE",,86.8421052631579,13.157894736842104,D
CA,36,36,CA-36,5,4,1552941,37015,14.0,522,0,355,0,37015,0,522,355,"LIEU, TED",D,37015,"LIEU, TED","TOOMIM, LEAH MELISSA","RAGGE ANDERSON, CLAIRE",100.0,0.0,D
CA,37,37,CA-37,5,3,530492,9100,5.0,2025,0,355,0,9100,0,2025,355,"KAMLAGER-DOVE, SYDNEY",D,9100,"KAMLAGER-DOVE, SYDNEY","FEDALIZO, BALTAZAR MR.","REY, JUAN",100.0,0.0,D
CA,38,38,CA-38,5,5,547144,6600,2.0,10484,0,317,0,6600,0,10484,317,"SANCHEZ, LINDA",D,6600,"SANCHEZ, LINDA","CHING, ERIC J",,100.0,0.0,D
CA,39,39,CA-39,3,3,605999,1250,1.0,141553,0,209,0,1250,0,141553,209,"TAKANO, MARK",D,1250,"TAKANO, MARK","SERPA, DAVID",,100.0,0.0,D
CA,40,40,CA-40,3,3,4463602,20509,23.0,2421812,20713,2234459,17272,4650,15859,2401099,2217187,"KIM, YOUNG",R,15859,"KERR, JOSEPH","KIM, YOUNG",,22.672972841191672,77.32702715880832,R
CA,41,41,CA-41,6,5,11106787,120819,93.0,2892788,18014250,2067896,16008693,79819,41000,-15121462,-13940797,"ROLLINS, WILL",D,79819,"ROLLINS, WILL","CALVERT, KEN",,66.06494011703458,33.935059882965426,Mixed
CA,42,42,CA-42,4,4,820652,7200,2.0,251,0,84,0,7200,0,251,84,"GARCIA, ROBERT",D,7200,"GARCIA, ROBERT","BRISCOE, JOHN",,100.0,0.0,D
CA,43,43,CA-43,6,6,433950,250,1.0,522,0,355,0,250,0,522,355,"WATERS, MAXINE MS",D,250,"WATERS, MAXINE MS","WILLIAMS, STEVE MR.",,100.0,0.0,D
CA,44,44,CA-44,2,2,286547,3300,1.0,484,0,317,0,3300,0,484,317,"BARRAGAN, NANETTE",D,3300,"BARRAGAN, NANETTE","GROH, ROGER",,100.0,0.0,D
CA,45,45,CA-45,8,8,7318897,69223,65.0,9723605,24713164,7867368,23708900,52012,17211,-14989559,-15841532,"TRAN, DEREK",D,50762,"TRAN, DEREK","STEEL, MICHELLE",,75.13687647169294,24.863123528307067,D
CA,46,46,CA-46,2,2,395731,300,1.0,346,0,179,0,0,300,346,179,"PAN, DAVID",R,300,"CORREA, LOU","PAN, DAVID",,0.0,100.0,R
CA,47,47,CA-47,20,17,10445939,89668,67.0,7114928,17600243,4614258,14613173,81568,8100,-10485315,-9998915,"MIN, DAVE",D,66668,"MIN, DAVE","BAUGH, SCOTT","CRANDALL, TERRY LAWRENCE; MCGRATH, THOMAS PIERCE; SMITH, WILLIAM",90.96667707543382,9.033322924566177,D
CA,48,48,CA-48,6,5,571987,13400,7.0,3646,0,77,0,0,13400,3646,77,"ISSA, DARRELL",R,13400,"HOULAHAN, STEPHEN WILLIAM","ISSA, DARRELL","JAHN, LUCINDA KWH MS",0.0,100.0,R
CA,49,49,CA-49,5,5,5637625,61215,28.0,265935,2013453,104804,1831276,56915,4300,-1747518,-1726472,"LEVIN, MIKE",D,56915,"LEVIN, MIKE","GUNDERSON, MATT",,92.97557788123825,7.024422118761741,D
CA,50,50,CA-50,5,5,414471,24800,6.0,92187,0,92187,0,24800,0,92187,92187,"PETERS, SCOTT",D,24800,"PETERS, SCOTT","MOSS, SOLOMON",,100.0,0.0,D
CA,51,51,CA-51,5,3,1519336,7525,4.0,969,0,209,0,7525,0,969,209,"JACOBS, SARA",D,7525,"JACOBS, SARA","WELLS, BILL D.","CAPLAN, STAN; SHIOURA, HILAIRE FUJI",100.0,0.0,D
CA,52,52,CA-52,3,2,211028,0,0.0,1499,750,1499,0,0,0,749,1499,"VARGAS, JUAN C.",D,0,"VARGAS, JUAN C.","LEE, JUSTIN",,,,Unknown
CO,01,1,CO-01,7,3,353390,1083,2.0,31,0,0,0,1083,0,31,0,"DEGETTE, DIANA L",D,1083,"DEGETTE, DIANA L","ARCHULETA, VALDAMAR",,100.0,0.0,D
CO,02,2,CO-02,6,3,1173416,8972,6.0,703,0,0,0,5267,3705,703,0,"NEGUSE, JOSEPH",D,5267,"NEGUSE, JOSEPH","DAWSON, MARSHALL",,58.70485956308515,41.29514043691485,Mixed
CO,03,3,CO-03,22,15,9633336,36627,57.0,2306979,1118566,1950532,544000,34627,2000,1188413,1406532,"FRISCH, ADAM",D,34377,"FRISCH, ADAM","HURD, JEFFREY","ELWORTH, MARK JR; HERNANDEZ, FRANK; WHITLEY, DAVID VANN MR; WILEY, JAMES BROOKS; WITHROW, ADAM JOSEPH",94.53954732847353,5.460452671526469,D
CO,04,4,CO-04,25,19,4604954,10739,30.0,236887,328844,212418,228574,10122,617,-91957,-16156,"CALVARESE, TRISHA",D,6372,"CALVARESE, TRISHA","BOEBERT, LAUREN","ELWORTH, MARK JR; GOODMAN, HANNAH; MANGERIS, DOUGLAS",94.25458608809014,5.7454139119098615,D
CO,05,5,CO-05,21,14,1010005,1100,2.0,590810,2114853,453205,0,1100,0,-1524043,453205,"REAGAN, JOSEPH F",D,1100,"REAGAN, JOSEPH F","CRANK, JEFF","GAYE, JOSEPH OLIVER MR; MITCHELL, CHRISTOPHER DOUGLAS; MURPHY, MARCUS; NGUYEN, KATRINA; SWEAT, CHRISTOPHER; VANCE, MICHAEL",100.0,0.0,D
CO,06,6,CO-06,6,4,1338070,33330,13.0,26300,0,0,0,33330,0,26300,0,"CROW, JASON",D,33330,"CROW, JASON","FABBRICATORE, JOHN",,100.0,0.0,D
CO,07,7,CO-07,6,3,1065082,45140,16.0,100587,0,88256,0,45140,0,100587,88256,"PETTERSEN, BRITTANY LOUISE",D,45140,"PETTERSEN, BRITTANY LOUISE","HEMENWAY, JAMES VINCENT","BOHAN, PATRICK; LAW, MORGAN; TUPA, RONALD",100.0,0.0,D
CO,08,8,CO-08,10,5,5867158,74527,53.0,7790767,21355257,5549443,19459045,71227,3300,-13564490,-13909602,"CARAVEO, YADIRA",D,71227,"CARAVEO, YADIRA","EVANS, TIMOTHY GABRIEL JOSEPH","JOHNSON, LARRY; PAYETTE, MATTHEW WILLIAM",95.57207455016304,4.427925449836971,D
CT,01,1,CT-01,5,3,416655,0,0.0,10,0,0,0,0,0,10,0,"LARSON, JOHN B",D,0,"LARSON, JOHN B","GRIFFIN, JAMES LEONARD","SYMOCHKO, NICHOLAS M MR SR",,,Unknown
CT,02,2,CT-02,2,2,658336,3300,1.0,52860,0,0,0,3300,0,52860,0,"COURTNEY, JOSEPH",D,3300,"COURTNEY, JOSEPH","FRANCE, MIKE",,100.0,0.0,D
CT,03,3,CT-03,4,4,698377,1600,3.0,10,0,0,0,1600,0,10,0,"DELAURO, ROSA L",D,1600,"DELAURO, ROSA L","IRIZARRY, RAFAEL",,100.0,0.0,D
CT,04,4,CT-04,7,5,992956,43350,12.0,10,0,0,0,42850,500,10,0,"HIMES, JIM",D,42850,"HIMES, JIM","MACGUFFIE, ROBERT W","SKUDLAREK, JADEN JOSEPH MR",98.84659746251442,1.1534025374855825,D
CT,05,5,CT-05,5,4,3535635,10124,12.0,768983,2075231,595047,2070231,9824,300,-1306248,-1475184,"HAYES, JAHANA",D,9824,"HAYES, JAHANA","LOGAN, GEORGE S","DARWISH, AHMAD AJ",97.0367443698143,2.9632556301856976,D
DC,AL,0,DC-AL,8,5,126450,0,0.0,0,0,0,0,0,0,0,0,"WILLIAMS, KELLY",D,0,"WILLIAMS, KELLY","ALEXANDER, MYRTLE PATRICIA DR.","A BROWN, MICHAEL; FREEMAN, KYMONE; WATTS, HELCHIC KOTON",,,Unknown
DE,AL,0,DE-AL,10,10,3963863,93787,60.0,400646,0,285223,0,93787,0,400646,285223,"MCBRIDE, SARAH ELIZABETH",D,86187,"MCBRIDE, SARAH ELIZABETH","HALL, DONYALE LONDON",,100.0,0.0,D
FL,01,1,FL-01,14,13,3857393,15491,18.0,1137246,2161576,333,0,1000,14491,-1024330,333,"GAETZ, MATT",R,7891,"VALIMONT, JENNIFER GAY","GAETZ, MATT",,6.4553611774578785,93.54463882254213,R
FL,02,2,FL-02,6,6,500527,3000,2.0,0,0,0,0,0,3000,0,0,"DUNN, NEAL PATRICK MD, FACS",R,3000,"BAILEY, HUY-YEN CAM MS.","DUNN, NEAL PATRICK MD, FACS",,0.0,100.0,R
FL,03,3,FL-03,5,4,924428,19800,3.0,0,0,0,0,0,19800,0,0,"CAMMACK, KAT",R,19800,"WELLS, TOM","CAMMACK, KAT","STEBBINS, ANTHONY JAMES",0.0,100.0,R
FL,04,4,FL-04,5,4,630372,0,0.0,0,0,0,0,0,0,0,0,"BEAN, AARON P.",R,0,"HOLLOWAY, LASHONDA","BEAN, AARON P.","SCHAEFER, TODD",,,Unknown
FL,05,5,FL-05,6,5,275828,6600,1.0,86523,0,19378,0,0,6600,86523,19378,"RUTHERFORD, JOHN",R,6600,"BOULIN ROMAIN, JACQUELINE","RUTHERFORD, JOHN",,0.0,100.0,R
FL,06,6,FL-06,9,8,1163979,12850,6.0,0,0,0,0,1000,11850,0,0,"WALTZ, MICHAEL",R,11850,"STOCKTON, JAMES D","WALTZ, MICHAEL",,7.782101167315175,92.21789883268482,R
FL,07,7,FL-07,9,9,737775,1500,1.0,0,0,0,0,0,1500,0,0,"MILLS, CORY",R,1500,"ADAMS, JENNIFER","MILLS, CORY",,0.0,100.0,R
FL,08,8,FL-08,8,6,1563889,1000,1.0,397359,0,935,0,0,0,397359,935,"HARIDOPOLOS, MIKE",,1000,"KENNEDY, SANDRA (SANDY) DENISE MS. ESQ","POSEY, BILL","DIEPPA, JOSE ARNALDO MR; HARIDOPOLOS, MIKE",,,Unknown
FL,09,9,FL-09,12,10,981968,22400,7.0,16454,0,15625,0,22400,0,16454,15625,"SOTO, DARREN",D,22400,"SOTO, DARREN","JONES, LATERESA ANN","CARTER, GREGORY MARCUS MR; FARBER, STUART DR",100.0,0.0,D
FL,10,10,FL-10,8,7,1690578,9244,14.0,15387,0,15377,0,9244,0,15387,15377,"FROST, MAXWELL ALEJANDRO",D,9244,"FROST, MAXWELL ALEJANDRO","LE, TUAN A","WHITE, VIBERT DR",100.0,0.0,D
FL,11,11,FL-11,9,6,808426,250,1.0,13007,0,0,0,0,250,13007,0,"MCCLOY, JOHN",R,250,"HALL, BARBARA HARDEN","MCCLOY, JOHN","ALCANTARA, CHRISTOPHER MANUEL; GROVES, RALPH; OSTA, SAMI MICHEL N/A",0.0,100.0,R
FL,12,12,FL-12,4,4,585962,1875,3.0,285800,0,285800,0,375,1500,285800,285800,"BILIRAKIS, GUS M",R,1500,"ABOUJAOUDE, ROCK ADEL MR. JR","BILIRAKIS, GUS M",,20.0,80.0,R
FL,13,13,FL-13,8,7,3454748,38039,25.0,1288591,373536,1236934,0,37039,1000,915055,1236934,"FOX, WHITNEY",D,17378,"FOX, WHITNEY","PAULINA LUNA, ANNA","D'ARRIGO, TONY C",97.37111911459291,2.628880885407082,D
FL,14,14,FL-14,8,4,496232,0,0.0,1041,0,0,0,0,0,1041,0,"CASTOR, KATHY",D,0,"CASTOR, KATHY","MARSELLA, RENEE","BRADLEY, CHRISTOPHER; PERRY, NEELAM TANEJA DR",,,Unknown
FL,15,15,FL-15,7,6,988568,4500,5.0,43891,0,0,0,1000,3500,43891,0,"LEE, LAUREL",R,3500,"KEMP, PATRICIA","LEE, LAUREL",,22.22222222222222,77.77777777777779,R
FL,16,16,FL-16,7,7,597918,521,1.0,336,0,0,0,0,521,336,0,"SPEIR, JASON EDWARD",R,521,"SCHNEIDER, JAN","SPEIR, JASON EDWARD",,0.0,100.0,R
FL,17,17,FL-17,4,3,477243,0,0.0,0,0,0,0,0,0,0,0,"LOPEZ, MANNY",D,0,"LOPEZ, MANNY","STEUBE, GREG",,,,Unknown
FL,18,18,FL-18,4,3,366537,3300,1.0,0,0,0,0,0,3300,0,0,"FRANKLIN, SCOTT MR.",R,3300,"BRAUNSTON, PETER ALAN MR","FRANKLIN, SCOTT MR.",,0.0,100.0,R
FL,19,19,FL-19,2,2,2302757,898,2.0,12983,21000,2983,0,0,898,-8017,2983,"DONALDS, BYRON",R,898,"LERNER, KARI","DONALDS, BYRON",,0.0,100.0,R
FL,20,20,FL-20,4,4,323934,0,0.0,0,0,0,0,0,0,0,0,"CAMPBELL, LUTHER MR.",D,0,"CAMPBELL, LUTHER MR.",,,,,Unknown
FL,21,21,FL-21,6,5,1818686,2350,2.0,70869,0,19816,0,1000,1350,70869,19816,"MAST, BRIAN",R,1350,"WITKOP, THOMAS","MAST, BRIAN",,42.5531914893617,57.446808510638306,Mixed
FL,22,22,FL-22,9,9,2213462,0,0.0,398874,125500,40797,0,0,0,273374,40797,"GUTMANN, ANDREW",R,0,"FRANKEL, LOIS J.","GUTMANN, ANDREW",,,,Unknown
FL,23,23,FL-23,12,12,2360791,8467,5.0,64,0,0,0,8467,0,64,0,"MOSKOWITZ, JARED",D,8467,"MOSKOWITZ, JARED","BARVE, GARY",,100.0,0.0,D
FL,24,24,FL-24,6,5,162660,0,0.0,10,0,0,0,0,0,10,0,"WILSON, FREDERICA S.",D,0,"WILSON, FREDERICA S.","GONZALEZ, PATRICIA","FARCA, SHIMON MR.",,,Unknown
FL,25,25,FL-25,6,5,2472105,17150,9.0,395270,36102,0,0,17150,0,359168,0,"WASSERMAN SCHULTZ, DEBBIE",D,12900,"WASSERMAN SCHULTZ, DEBBIE","EDDY, CHRISTOPHER",,100.0,0.0,D
FL,26,26,FL-26,6,6,1305673,11970,5.0,0,0,0,0,0,11970,0,0,"DIAZ-BALART, MARIO",R,11970,"ATKINS, JOEY DAVID","DIAZ-BALART, MARIO",,0.0,100.0,R
FL,27,27,FL-27,6,6,1523199,6100,4.0,638,0,0,0,5600,500,638,0,"DAVEY, MICHAEL",D,3600,"DAVEY, MICHAEL","SALAZAR, MARIA ELVIRA",,91.80327868852459,8.19672131147541,D
FL,28,28,FL-28,6,5,926516,3500,3.0,628,0,0,0,3500,0,628,0,"EHR, PHIL",D,3500,"EHR, PHIL","GIMENEZ, CARLOS",,100.0,0.0,D
GA,01,1,GA-01,5,3,631495,0,0.0,0,0,0,0,0,0,0,0,"GRIGGS, JOYCE MARIE",,0,"HEWITT, PATTI","CARTER, EARL LEROY","GRIGGS, JOYCE MARIE",,,Unknown
GA,02,2,GA-02,8,6,736261,5167,4.0,24274,0,0,0,5167,0,24274,0,"BISHOP, SANFORD",D,5167,"BISHOP, SANFORD","HAND, CHUCK",,100.0,0.0,D
GA,03,3,GA-03,13,12,2460959,7401,5.0,2485006,129172,437067,41859,0,7401,2355834,395208,"JACK, BRIAN",R,4101,"ALMONORD, VALBRUN","JACK, BRIAN","CANTRELL, GEORGE ALLEN",0.0,100.0,R
GA,04,4,GA-04,3,2,128216,1000,1.0,505,0,457,0,1000,0,505,457,"JOHNSON, HENRY C. 'HANK'",D,1000,"JOHNSON, HENRY C. 'HANK'","YU, EUGENE CHIN MR.","POSTELL, ANSEL",100.0,0.0,D
GA,05,5,GA-05,3,3,325357,3300,1.0,1827,0,1405,0,3300,0,1827,1405,"WILLIAMS, NIKEMA N.",D,3300,"WILLIAMS, NIKEMA N.",,,100.0,0.0,D
GA,06,6,GA-06,6,5,1482672,11720,11.0,117444,0,101882,0,11720,0,117444,101882,"MCBATH, LUCIA KAY MS.",D,10250,"MCBATH, LUCIA KAY MS.","CRISWELL, JEFFERSON EDWARD","DESVIGNES, ELFREDA",100.0,0.0,D
GA,07,7,GA-07,9,8,926834,7850,3.0,15062,38,0,0,0,7850,15024,0,"MCCORMICK, RICHARD DEAN DR.",R,7850,"CHRISTIAN, ROBERT FRANKLIN MR. III","MCCORMICK, RICHARD DEAN DR.",,0.0,100.0,R
GA,08,8,GA-08,4,4,501076,0,0.0,11996,0,0,0,0,0,11996,0,"BUTLER, DARRIUS MAURICE",D,0,"BUTLER, DARRIUS MAURICE","SCOTT, JAMES AUSTIN",,,,Unknown
GA,09,9,GA-09,4,4,383093,1000,1.0,2207,0,2207,0,0,1000,2207,2207,"CLYDE, ANDREW",R,1000,"CASH, TAMBREI","CLYDE, ANDREW",,0.0,100.0,R
GA,10,10,GA-10,4,3,657448,600,1.0,0,0,0,0,600,0,0,0,"DOHERTY, ALEXANDRA JANE",D,600,"DOHERTY, ALEXANDRA JANE","COLLINS, MICHAEL A JR",,100.0,0.0,D
GA,11,11,GA-11,5,5,241866,0,0.0,0,0,0,0,0,0,0,0,"DAZA-FERNANDEZ, ANTONIO MIGUEL",D,0,"DAZA-FERNANDEZ, ANTONIO MIGUEL","LOUDERMILK, BARRY",,,,Unknown
GA,12,12,GA-12,5,5,614170,0,0.0,0,0,0,0,0,0,0,0,"JOHNSON, ELIZABETH",D,0,"JOHNSON, ELIZABETH","ALLEN, RICHARD W",,,,Unknown
GA,13,13,GA-13,10,10,587412,1600,3.0,174690,38,100919,0,1600,0,174652,100919,"FLOWERS, MARCUS",D,1600,"FLOWERS, MARCUS","CHAVEZ, JONATHAN",,100.0,0.0,D
GA,14,14,GA-14,8,8,3686680,10327,20.0,1052,11616,1052,1250,5000,5327,-10564,-198,"GREENE, MARJORIE TAYLOR",R,5327,"HARRIS, SHAWN","GREENE, MARJORIE TAYLOR",,48.41677156967174,51.58322843032826,Mixed
GU,AL,0,GU-AL,4,4,795213,0,0.0,0,0,0,0,0,0,0,0,"CRUZ, GINGER",D,0,"CRUZ, GINGER","MOYLAN, JAMES C.",,,,Unknown
HI,01,1,HI-01,4,3,133753,4300,2.0,1060,0,0,0,4300,0,1060,0,"CASE, EDWARD",D,4300,"CASE, EDWARD","LARGEY, PATRICK","GRIFFIN, CALVIN",100.0,0.0,D
HI,02,2,HI-02,5,3,598456,0,0.0,954,0,0,0,0,0,954,0,"TOKUDA, JILL NAOMI",D,0,"TOKUDA, JILL NAOMI","BOND, STEVEN R.",,,,Unknown
IA,01,1,IA-01,5,3,6425958,61095,27.0,2826241,11421683,1391948,10488617,61095,0,-8595442,-9096669,"BOHANNAN, CHRISTINA",D,61095,"BOHANNAN, CHRISTINA","MILLER-MEEKS, MARIANNETTE JANE","GLUBA, NICHOLAS; JONES, STEPHANIE",100.0,0.0,D
IA,02,2,IA-02,5,4,2660036,10200,3.0,87676,0,37300,0,0,10200,87676,37300,"ARENHOLZ, ASHLEY HINSON",R,10200,"ALBERTSON-CORKERY, SARAH ELAINE","ARENHOLZ, ASHLEY HINSON","PUFFETT, JODY MARIE",0.0,100.0,R
IA,03,3,IA-03,6,4,5564146,59021,41.0,3987010,11066175,3588388,9155063,40071,18950,-7079165,-5566675,"BACCAM, LANON",D,40071,"BACCAM, LANON","NUNN, ZACH","BATTAGLIA, MARCO; WIEDERIEN, JOSEPH MICHAEL",67.8927839243659,32.1072160756341,Mixed
IA,04,4,IA-04,4,4,1628568,6800,5.0,76864,222,0,0,1000,5800,76642,0,"FEENSTRA, RANDALL",R,5800,"MELTON, RYAN MICHAEL APPLETON","FEENSTRA, RANDALL",,14.705882352941178,85.29411764705883,R
ID,01,1,ID-01,4,2,311923,300,1.0,565,0,565,0,0,300,565,565,"FULCHER, RUSSELL",R,300,"PETERSON, KAYLEE JADE","FULCHER, RUSSELL","GOMEZ, BRENDAN JOSEPH",0.0,100.0,R
ID,02,2,ID-02,8,5,738426,10400,3.0,198016,0,25000,0,0,10400,198016,25000,"SIMPSON, MICHAEL",R,10400,"GRAYSON, RICHARD","SIMPSON, MICHAEL","LAW, IDAHO",0.0,100.0,R
IL,01,1,IL-01,4,4,317400,3050,3.0,0,0,0,0,3050,0,0,0,"JACKSON, JONATHAN",D,3050,"JACKSON, JONATHAN",,,100.0,0.0,D
IL,02,2,IL-02,3,3,576752,5250,4.0,2937,0,0,0,5250,0,2937,0,"KELLY, ROBIN",D,5250,"KELLY, ROBIN","RAMOS, ASHLEY",,100.0,0.0,D
IL,03,3,IL-03,2,2,553242,3000,1.0,517,0,0,0,3000,0,517,0,"RAMIREZ, DELIA",D,3000,"RAMIREZ, DELIA","BOORAS, JOHN MR.",,100.0,0.0,D
IL,04,4,IL-04,3,2,414849,0,0.0,10,0,0,0,0,0,10,0,"GARCIA, JESUS",D,0,"GARCIA, JESUS",,,,,Unknown
IL,05,5,IL-05,4,4,361199,0,0.0,10,0,0,0,0,0,10,0,"QUIGLEY, MIKE",D,0,"QUIGLEY, MIKE","HANSON, TOM",,,,Unknown
IL,06,6,IL-06,5,5,1932994,2345,4.0,64532,0,64522,0,2345,0,64532,64522,"AHMAD, MAHNOOR",D,1650,"AHMAD, MAHNOOR","CONFORTI, NIKI",,100.0,0.0,D
IL,07,7,IL-07,8,8,1652242,12489,25.0,49140,487329,0,487329,12489,0,-438189,-487329,"COLLINS, KINA",D,8839,"COLLINS, KINA","KOPPIE, CHAD",,100.0,0.0,D
IL,08,8,IL-08,4,3,7730305,82856,39.0,10,0,0,0,82856,0,10,0,"KRISHNAMOORTHI, S. RAJA",D,82856,"KRISHNAMOORTHI, S. RAJA","RICE, MARK","BRISENO, JORGE ALBERTO",100.0,0.0,D
IL,09,9,IL-09,3,3,897379,500,1.0,10,0,0,0,500,0,10,0,"SCHAKOWSKY, JANICE D",D,500,"SCHAKOWSKY, JANICE D","COHEN, SETH ALAN",,100.0,0.0,D
IL,10,10,IL-10,5,3,2644069,4968,2.0,11873,27037,0,0,4968,0,-15164,0,"SCHNEIDER, BRADLEY S.",D,4968,"SCHNEIDER, BRADLEY S.","CARRIS, JIM","MINK, AUSTIN JAMES; SEVERINO, JOSEPH",100.0,0.0,D
IL,11,11,IL-11,8,7,2999843,27037,24.0,103207,28100,103156,0,27037,0,75107,103156,"RASHID, QASIM",D,15687,"RASHID, QASIM","BANSAL, KRISHNA K","NEWMAN, CHANCE WILLIAM",100.0,0.0,D
IL,12,12,IL-12,4,4,1605782,0,0.0,138786,19639,19257,0,0,0,119147,19257,"BOST, MICHAEL",R,0,"NELSON, PRESTON","BOST, MICHAEL",,,,Unknown
IL,13,13,IL-13,5,5,2484857,6466,4.0,635418,0,585174,0,6466,0,635418,585174,"BUDZINSKI, NIKKI",D,6466,"BUDZINSKI, NIKKI","CLATTERBUCK, THOMAS",,100.0,0.0,D
IL,14,14,IL-14,6,6,2980957,19795,23.0,197,0,0,0,19795,0,197,0,"UNDERWOOD, LAUREN",D,19795,"UNDERWOOD, LAUREN","DOREY, KRYSTAL",,100.0,0.0,D
IL,15,15,IL-15,2,2,580693,0,0.0,11372,0,2208,0,0,0,11372,2208,"MILLER, MARY",R,0,"GAITHER, KEVIN","MILLER, MARY",,,,Unknown
IL,16,16,IL-16,1,1,821060,7900,4.0,10989,0,0,0,0,7900,10989,0,"LAHOOD, DARIN MCKAY",R,7900,,"LAHOOD, DARIN MCKAY",,0.0,100.0,R
IL,17,17,IL-17,4,4,3614148,42577,22.0,1352493,256785,1351867,256785,42577,0,1095708,1095082,"SORENSEN, ERIC",D,42577,"SORENSEN, ERIC","MCGRAW, JOE",,100.0,0.0,D
IN,01,1,IN-01,10,6,2110846,7350,3.0,165156,12,133203,12,7350,0,165144,133191,"MRVAN, FRANK J.",D,7350,"MRVAN, FRANK J.","NIEMEYER, RANDELL C.","FORD, TIFFANY SHAWN; MISKUS, DAKOTAH",100.0,0.0,D
IN,02,2,IN-02,7,2,1011757,0,0.0,0,0,0,0,0,0,0,0,"HENRY, WILLIAM E.",,0,"CAMP, LORI ANN MS.","YAKYM, RUDY C. III","HENRY, WILLIAM E.; HENRY, WILLIAM ERIC; YOUNG, MICHAEL",,,Unknown
IN,03,3,IN-03,15,14,1319845,500,2.0,825493,765656,0,765656,0,500,59837,-765656,"DAVIS, WENDY",R,500,"ADOLPH, KILEY DR.","DAVIS, WENDY","LANCASTER, JARRAD RAY MR",0.0,100.0,R
IN,04,4,IN-04,7,6,267652,500,1.0,0,0,0,0,500,0,0,0,"GIRN, RIMPI KAUR",D,500,"GIRN, RIMPI KAUR","BAIRD, JAMES R DR.",,100.0,0.0,D
IN,05,5,IN-05,16,14,2242515,500,1.0,384959,122500,334959,0,0,500,262459,334959,"ENGLING, MAX",R,500,"PFENNINGER, RYAN SETH MR.","ENGLING, MAX","SHILLINGS, LAURI; SLAUGHTER, ROBBY G",0.0,100.0,R
IN,06,6,IN-06,12,11,999390,5000,1.0,255573,426,216775,426,0,5000,255147,216349,"MAHANT, SIDDHARTH",R,5000,"WIRTH, CYNTHIA","MAHANT, SIDDHARTH",,0.0,100.0,R
IN,07,7,IN-07,9,8,391158,1250,3.0,10,0,0,0,750,500,10,0,"CARSON, ANDRE",D,750,"CARSON, ANDRE","WHITLEY, GABRIEL MATHEW","JOHNSON, RUSTY MR",60.0,40.0,Mixed
IN,08,8,IN-08,14,13,1196149,0,0.0,1969456,77685,0,0,0,0,1891771,0,"MESSMER, MARK MR.",R,0,"HURT, ERIK DAVID MR.","MESSMER, MARK MR.",,,,Unknown
IN,09,9,IN-09,6,5,584813,25049,10.0,10,0,0,0,750,24299,10,0,"HOUCHIN, ERIN",R,24299,"PECK, TIMOTHY","HOUCHIN, ERIN","BROOKSBANK, RUSSELL",2.9941315022555792,97.00586849774442,R
KS,01,1,KS-01,3,3,449696,1000,2.0,3690,0,0,0,0,1000,3690,0,"MANN, TRACEY ROBERT",R,1000,"BUSKIRK, PAUL","MANN, TRACEY ROBERT",,0.0,100.0,R
KS,02,2,KS-02,12,11,1809940,750,2.0,406954,71143,218248,31875,250,500,335811,186373,"SCHMIDT, DEREK",R,500,"KLEINMANN, MATTHEW RYAN","SCHMIDT, DEREK",,33.33333333333333,66.66666666666666,Mixed
KS,03,3,KS-03,5,4,4380664,29835,20.0,93246,322140,0,322140,29835,0,-228894,-322140,"DAVIDS, SHARICE",D,29835,"DAVIDS, SHARICE","REDDY, PRASANTH DR.","ROBERTS, STEVE E",100.0,0.0,D
KS,04,4,KS-04,3,3,404244,6300,5.0,4155,0,0,0,0,6300,4155,0,"ESTES, RON",R,6300,"FREEMAN, ESAU A","ESTES, RON",,0.0,100.0,R
KY,01,1,KY-01,2,2,3162325,17111,7.0,2340,0,2340,0,0,17111,2340,2340,"COMER, JAMES",R,17111,"MARSHALL, ERIN","COMER, JAMES",,0.0,100.0,R
KY,02,2,KY-02,3,3,927189,25000,9.0,0,0,0,0,0,25000,0,0,"GUTHRIE, S. BRETT HON.",R,25000,"COMPTON, WILLIAM DAKOTA","GUTHRIE, S. BRETT HON.",,0.0,100.0,R
KY,03,3,KY-03,8,6,1093858,2500,1.0,2057,0,1924,0,2500,0,2057,1924,"MCGARVEY, MORGAN",D,2500,"MCGARVEY, MORGAN","CRAVEN , MIKE","COBBLE, DANIEL; RANDALL, JA",100.0,0.0,D
KY,04,4,KY-04,5,4,849508,13554,12.0,561109,319783,13,319783,0,13554,241326,-319770,"MASSIE, THOMAS H.",R,13554,"LEHMAN, MATTHEW","MASSIE, THOMAS H.",,0.0,100.0,R
KY,05,5,KY-05,6,5,587744,6600,1.0,0,0,0,0,0,6600,0,0,"ROGERS, HAROLD DALLAS",R,6600,,"ROGERS, HAROLD DALLAS","MAZUR, STEVE",0.0,100.0,R
KY,06,6,KY-06,7,6,2218357,16500,5.0,106708,0,0,0,0,16500,106708,0,"BARR, GARLAND ANDY",R,16500,"CRAVENS, MAURICE RANDALL II","BARR, GARLAND ANDY",,0.0,100.0,R
LA,01,1,LA-01,6,5,15623391,78150,11.0,693,0,0,0,1250,76900,693,0,"SCALISE, STEVE MR",R,76900,"MANUEL, MEL INARI","SCALISE, STEVE MR",,1.599488163787588,98.40051183621242,R
LA,02,2,LA-02,7,7,1184101,5750,5.0,827,0,0,0,5750,0,827,0,"CARTER, TROY A. SR.",D,5750,"CARTER, TROY A. SR.","LYNCH, CHRISTY MS",,100.0,0.0,D
LA,03,3,LA-03,4,4,216844,0,0.0,813,0,813,0,0,0,813,813,"HIGGINS, CLAY CAPTAIN",R,0,"GONZALEZ, PRISCILLA","HIGGINS, CLAY CAPTAIN",,,,Unknown
LA,04,4,LA-04,2,2,6254350,5822,8.0,323,13143,300,1500,0,5822,-12820,-1200,"JOHNSON, JAMES MICHAEL",R,5822,,"JOHNSON, JAMES MICHAEL",,0.0,100.0,R
LA,05,5,LA-05,4,3,935038,3300,1.0,23,0,0,0,0,3300,23,0,"LETLOW, JULIA",R,3300,"VALLIEN, MICHAEL JR.","LETLOW, JULIA","SYKES, JEFFREY",0.0,100.0,R
LA,06,6,LA-06,9,9,2689695,4050,3.0,322253,0,0,0,250,3800,322253,0,"GRAVES, GARRET",R,3800,"FIELDS, CLEO","GRAVES, GARRET",,6.172839506172839,93.82716049382715,R
MA,01,1,MA-01,5,3,971924,13400,5.0,0,0,0,0,10250,0,0,0,"NEAL, RICHARD E",D,10250,"NEAL, RICHARD E","WALKER, CHASE","CELATA, ANTHONY PATRICK MR.; MILLERON, NADIA D",100.0,0.0,D
MA,02,2,MA-02,3,2,564905,1500,2.0,25,0,0,0,1500,0,25,0,"MCGOVERN, JAMES P",D,1500,"MCGOVERN, JAMES P","SOSSA-PAQUETTE, JEFF","SHEA, CORNELIUS",100.0,0.0,D
MA,03,3,MA-03,3,3,1024705,1000,1.0,0,0,0,0,1000,0,0,0,"TRAHAN, LORI",D,1000,"TRAHAN, LORI","HASAN, SYED",,100.0,0.0,D
MA,04,4,MA-04,1,1,1970970,35500,6.0,14279,0,0,0,35500,0,14279,0,"AUCHINCLOSS, JAKE",D,35500,"AUCHINCLOSS, JAKE",,,100.0,0.0,D
MA,05,5,MA-05,3,3,1744502,60500,16.0,10,0,0,0,60500,0,10,0,"CLARK, KATHERINE",D,60500,"CLARK, KATHERINE",,,100.0,0.0,D
MA,06,6,MA-06,1,1,1681280,7850,4.0,12967,0,0,0,7850,0,12967,0,"MOULTON, SETH",D,7850,"MOULTON, SETH",,,100.0,0.0,D
MA,07,7,MA-07,1,1,734086,4995,6.0,2003,11752,0,0,4995,0,-9749,0,"PRESSLEY, AYANNA",D,4995,"PRESSLEY, AYANNA",,,100.0,0.0,D
MA,08,8,MA-08,5,5,276235,0,0.0,0,0,0,0,0,0,0,0,"BURKE, ROBERT G.",R,0,"LYNCH, STEPHEN","BURKE, ROBERT G.",,,,Unknown
MA,09,9,MA-09,2,2,274766,6250,1.0,0,0,0,0,6250,0,0,0,"KEATING, WILLIAM R",D,6250,"KEATING, WILLIAM R","SULLIVAN, DAN",,100.0,0.0,D
MD,01,1,MD-01,9,6,701604,0,0.0,2039,9,2039,9,0,0,2030,2030,"HARRIS, ANDREW P",R,0,"OLUWADARE, BLESSING T","HARRIS, ANDREW P","OBRIEN, JOSHUA",,,Unknown
MD,02,2,MD-02,13,11,1557831,5235,11.0,211511,9,2125,9,5235,0,211502,2116,"RUPPERSBERGER, C. A. DUTCH",D,2900,"RUPPERSBERGER, C. A. DUTCH","KLACIK, KIMBERLY","SIGMON, MICHAEL RAY",100.0,0.0,D
MD,03,3,MD-03,39,38,4902414,17191,25.0,4373631,9,4359586,9,17191,0,4373622,4359577,"DUNN, HARRY",D,8152,"DUNN, HARRY","BAKER, ARTHUR",,100.0,0.0,D
MD,04,4,MD-04,5,5,43465,0,0.0,0,0,0,0,0,0,0,0,"COKER, ELIJAH MX",D,0,"COKER, ELIJAH MX",,,,,Unknown
MD,05,5,MD-05,6,6,827588,1000,1.0,10,9,0,9,1000,0,1,-9,"HOYER, STENY",D,1000,"HOYER, STENY","TALKINGTON, MICHELLE",,100.0,0.0,D
MD,06,6,MD-06,29,27,4042011,6746,16.0,681415,398091,435815,166503,5037,1709,283324,269312,"VOGEL, JOSEPH",D,2487,"VOGEL, JOSEPH","ROYALS, TOM",,74.66646901867774,25.333530981322266,D
MD,07,7,MD-07,8,5,170191,0,0.0,10,0,0,0,0,0,10,0,"MFUME, KWEISI",D,0,"MFUME, KWEISI","MCNEAL, WAYNE","SCOTT, MICHAEL ERVIN MR.",,,Unknown
MD,08,8,MD-08,5,4,2171984,9418,7.0,10,0,0,0,9418,0,10,0,"RASKIN, JAMIE",D,9418,"RASKIN, JAMIE","RILEY, CHERYL",,100.0,0.0,D
ME,01,1,ME-01,6,3,448898,3300,1.0,10,0,0,0,0,3300,10,0,"RUSSELL, RONALD CHARLES",R,3300,"PINGREE, CHELLIE M","RUSSELL, RONALD CHARLES","BASSILE, ELIAS",0.0,100.0,R
ME,02,2,ME-02,5,4,7039379,68168,30.0,2713108,21909955,965704,17855443,59868,8300,-19196847,-16889739,"GOLDEN, JARED",D,59868,"GOLDEN, JARED","THERIAULT, AUSTIN LEO","BALL, KEVIN",87.82419903767163,12.175800962328365,D
MI,01,1,MI-01,8,6,1215850,15875,5.0,49937,0,2370,0,3475,12400,49937,2370,"BERGMAN, JOHN",R,12400,"BARR, CALLIE","BERGMAN, JOHN","GALE, ANDREW",21.88976377952756,78.11023622047244,R
MI,02,2,MI-02,4,2,1094815,3000,1.0,2523,0,1950,0,0,3000,2523,1950,"MOOLENAAR, JOHN MR.",R,3000,"LYNCH, MICHAEL","MOOLENAAR, JOHN MR.","ADAMS, SCOTT CECIL MR",0.0,100.0,R
MI,03,3,MI-03,8,6,4481460,22051,10.0,589002,424296,3315,85000,22051,0,164706,-81685,"SCHOLTEN, HILLARY",D,22051,"SCHOLTEN, HILLARY","HUDSON, PAUL",,100.0,0.0,D
MI,04,4,MI-04,6,6,2312765,25350,7.0,126731,0,4501,0,1250,24100,126731,4501,"HUIZENGA, WILLIAM P",R,24100,"SWARTZ, JESSICA","HUIZENGA, WILLIAM P",,4.930966469428008,95.06903353057199,R
MI,05,5,MI-05,4,3,815810,250,1.0,2346,0,1780,0,250,0,2346,1780,"URBAN, LIBBI DEANN MS",D,250,"URBAN, LIBBI DEANN MS","WALBERG, TIMOTHY L REP","BRONKE, JAMES VICTOR MR",100.0,0.0,D
MI,06,6,MI-06,4,2,379885,3300,1.0,5993,0,0,0,3300,0,5993,0,"DINGELL, DEBBIE",D,3300,"DINGELL, DEBBIE","SMILEY, HEATHER","KREBAUM, WILLIAM B",100.0,0.0,D
MI,07,7,MI-07,4,3,7707283,49143,48.0,2860836,24760297,2107243,24441076,45843,3300,-21899461,-22333833,"HERTEL, CURTIS JR.",D,45843,"HERTEL, CURTIS JR.","BARRETT, THOMAS MORE","DAILEY, LEAH R.",93.28490324156034,6.715096758439655,D
MI,08,8,MI-08,14,9,6002012,48148,43.0,2289558,12320900,1848178,11844511,48148,0,-10031342,-9996333,"MCDONALD RIVET, KRISTEN",D,43298,"MCDONALD RIVET, KRISTEN","JUNGE, PAUL","BARCELO, STEVE; DRAVES, MARY F.; LITTLE, JAMES ALLEN",100.0,0.0,D
MI,09,9,MI-09,5,3,786121,8350,4.0,2289,0,1948,0,1250,7100,2289,1948,"MCCLAIN, LISA",R,7100,"ST MOSLEY, CLINTON","MCCLAIN, LISA",,14.97005988023952,85.02994011976048,R
MI,10,10,MI-10,10,8,5118796,24566,26.0,4450536,11917167,1720581,11888979,24566,0,-7466631,-10168398,"MARLINGA, CARL J.",D,19803,"MARLINGA, CARL J.","JAMES, JOHN","SALIBA, MIKE",100.0,0.0,D
MI,11,11,MI-11,5,4,1542070,13893,13.0,542,0,-3836,0,13893,0,542,-3836,"STEVENS, HALEY",D,12793,"STEVENS, HALEY","FRANGIE, CHARLES",,100.0,0.0,D
MI,12,12,MI-12,10,8,5594574,107274,113.0,13773,11752,7688,0,107274,0,2021,7688,"TLAIB, RASHIDA",D,107274,"TLAIB, RASHIDA","NEHME, HASSAN","SANDERS, BRENDA K.",100.0,0.0,D
MI,13,13,MI-13,9,6,3163194,5929,9.0,1075590,2259270,0,0,5929,0,-1183680,0,"THANEDAR, SHRI",D,3109,"THANEDAR, SHRI","BIVINGS, MARTELL DE'ANGELO","CLARK, CHRISTOPHER JAMES; DARDZINSKI, CHRISTOPHER",100.0,0.0,D
MN,01,1,MN-01,4,3,945012,600,3.0,53738,0,50403,0,0,0,53738,50403,"BOHMAN, RACHEL",,600,,"FINSTAD, BRAD","BOHMAN, RACHEL",,,Unknown
MN,02,2,MN-02,7,5,6055934,31528,18.0,1539641,670497,1400888,665250,30628,900,869144,735638,"CRAIG, ANGELA DAWN",D,30628,"CRAIG, ANGELA DAWN","TEIRAB, JOE","BOWMAN, THOMAS WILLIAM MR.; KOURY, JAKE MARIUS MR",97.14539456990612,2.854605430093885,D
MN,03,3,MN-03,11,9,2849918,1550,5.0,2939374,0,0,0,0,1300,2939374,0,"JUDE, TAD",R,650,"HARRIS, RON","JUDE, TAD","MORRISON, KELLY LOUISE; PHILLIPS, DEAN",0.0,100.0,R
MN,04,4,MN-04,4,4,1049190,6600,2.0,17644,0,0,0,6600,0,17644,0,"MCCOLLUM, BETTY",D,6600,"MCCOLLUM, BETTY","CASEY, MIKE",,100.0,0.0,D
MN,05,5,MN-05,9,4,6456095,73869,103.0,606288,63187,332075,0,0,500,543101,332075,"OMAR, ILHAN",,66089,"GAD, SARAH","AL-AQIDI, DALIA","OMAR, ILHAN; PETERSON, TIMOTHY L; SAMUELS, DON MR.",0.0,100.0,R
MN,06,6,MN-06,5,3,7862697,159466,28.0,121309,0,118034,0,0,159466,121309,118034,"EMMER, THOMAS EARL JR.",R,159466,"WINKELMAN, AUSTIN D","EMMER, THOMAS EARL JR.","HENDRICKS, JEANNE MARIE; REEVES, JAY",0.0,100.0,R
MN,07,7,MN-07,5,5,716277,3300,1.0,13556,0,0,0,0,3300,13556,0,"FISCHBACH, MICHELLE",R,3300,"PETERS, ALVIN JOHN 3205946498","FISCHBACH, MICHELLE",,0.0,100.0,R
MN,08,8,MN-08,4,2,1728933,0,0.0,79131,0,75724,0,0,0,79131,75724,"SCHULTZ, JENNIFER",,0,,"STAUBER, PETER ALLEN","SCHULTZ, JENNIFER",,,Unknown
MO,01,1,MO-01,13,10,7019482,45431,53.0,6819972,8418275,6432476,8406673,45431,0,-1598303,-1974197,"BUSH, CORI",D,27481,"BUSH, CORI","GARTIN, TIMOTHY","ASHBY, STEPHAN BLAKE; RIGGINS, ROCHELLE A.",100.0,0.0,D
MO,02,2,MO-02,8,5,2220207,6600,1.0,0,0,0,0,0,6600,0,0,"WAGNER, ANN L.",R,6600,"HARTMANN, RAY","WAGNER, ANN L.",,0.0,100.0,R
MO,03,3,MO-03,17,15,1197413,0,0.0,1977964,1316732,0,0,0,0,661232,0,"SCHAEFER, KURT",R,0,"DALY, ANDREW","SCHAEFER, KURT",,,,Unknown
MO,04,4,MO-04,5,2,550840,0,0.0,0,0,0,0,0,0,0,0,"ALFORD, MARK",R,0,"MCCAFFREE, MIKE","ALFORD, MARK","CASS, JEANETTE; HEIDENREICH, ALEXANDER JS REV",,,Unknown
MO,05,5,MO-05,5,2,425392,932,2.0,10,0,0,0,500,432,10,0,"CLEAVER, EMANUEL II",D,500,"CLEAVER, EMANUEL II","SMITH, SEAN",,53.648068669527895,46.3519313304721,Mixed
MO,06,6,MO-06,9,8,900074,0,0.0,0,0,0,0,0,0,0,0,"GRAVES, SAMUEL B. JR.",R,0,"MAY, PAM","GRAVES, SAMUEL B. JR.","MAIDMENT, EDWARD A. (ANDY)",,,Unknown
MO,07,7,MO-07,7,5,305456,0,0.0,160,0,160,0,0,0,160,160,"BURLISON, ERIC",R,0,"HESKETH, MISSI MS.","BURLISON, ERIC",,,,Unknown
MO,08,8,MO-08,6,5,3396452,1500,2.0,0,0,0,0,0,1500,0,0,"SMITH, JASON T",R,1500,"MCCALLIAN, RANDI MCCALLIAN","SMITH, JASON T",,0.0,100.0,R
MP,AL,0,MP-AL,4,1,1650,0,0.0,0,0,0,0,0,0,0,0," GONZALES, JOHN OLIVER DELOS REYES",,0,"SABLAN, GREGORIO KILILI CAMACHO REP.",," GONZALES, JOHN OLIVER DELOS REYES",,,Unknown
MS,01,1,MS-01,3,3,558332,6600,2.0,0,0,0,0,0,6600,0,0,"KELLY, JOHN TRENT",R,6600,"BLACK, DIANNE DODSON","KELLY, JOHN TRENT",,0.0,100.0,R
MS,02,2,MS-02,4,4,535881,480,1.0,1409,0,0,0,480,0,1409,0,"THOMPSON, BENNIE G.",D,480,"THOMPSON, BENNIE G.","ELLER, RON",,100.0,0.0,D
MS,03,3,MS-03,2,2,413824,6600,1.0,0,0,0,0,0,6600,0,0,"GUEST, MICHAEL PATRICK",R,6600,"RIOS, ANGEL ANTHONY MR.","GUEST, MICHAEL PATRICK",,0.0,100.0,R
MS,04,4,MS-04,4,4,599827,6600,1.0,39500,0,2500,0,0,6600,39500,2500,"EZELL, WALTER MICHAEL",R,6600,"RAYBON, CRAIG ELLIOT","EZELL, WALTER MICHAEL",,0.0,100.0,R
MT,01,1,MT-01,6,4,8581005,39538,29.0,1086851,4745206,559217,4531305,26300,13238,-3658355,-3972088,"TRANEL, MONICA",D,26300,"TRANEL, MONICA","ZINKE, RYAN K","HAYES, DENNIS",66.51828620567555,33.48171379432445,Mixed
MT,02,2,MT-02,15,15,2378438,1910,4.0,760219,0,34046,0,400,1510,760219,34046,"DOWNING, TROY",R,1010,"HAMM, KEVIN","DOWNING, TROY",,20.94240837696335,79.05759162303664,R
NC,01,1,NC-01,6,5,5010419,42333,40.0,2873371,11075147,766042,10730082,41823,510,-8201776,-9964040,"DAVIS, DON",D,41823,"DAVIS, DON","BUCKHOUT, LAURIE","BAILEY, TOM",98.79526610445751,1.2047338955424847,D
NC,02,2,NC-02,10,7,1053297,5950,5.0,10753,0,0,0,5950,0,10753,0,"ROSS, DEBORAH",D,5950,"ROSS, DEBORAH","DOUGLASS, EUGENE FARLEY DR","GANORKAR, MAHESH",100.0,0.0,D
NC,03,3,NC-03,3,2,805743,0,0.0,0,0,0,0,0,0,0,0,"MURPHY, GREGORY FRANCIS DR.",R,0,,"MURPHY, GREGORY FRANCIS DR.",,,,Unknown
NC,04,4,NC-04,4,3,224558,400,1.0,-20049,0,-22980,0,400,0,-20049,-22980,"FOUSHEE, VALERIE",D,400,"FOUSHEE, VALERIE","BLANKENBURG, ERIC",,100.0,0.0,D
NC,05,5,NC-05,3,3,1766353,425,2.0,1129,0,0,0,425,0,1129,0,"HUBBARD, CHUCK",D,425,"HUBBARD, CHUCK","MAYBERRY, RYAN",,100.0,0.0,D
NC,06,6,NC-06,9,8,2663884,750,1.0,708583,2096954,3727,1183656,0,750,-1388371,-1179929,"WALKER, BRADLEY MARK MR.",R,750,"MANNING, KATHY","WALKER, BRADLEY MARK MR.",,0.0,100.0,R
NC,07,7,NC-07,4,3,718010,208,1.0,0,10406,0,10406,0,208,-10406,-10406,"ROUZER, DAVID",R,208,"PRIDGEN, MARLANDO","ROUZER, DAVID",,0.0,100.0,R
NC,08,8,NC-08,9,9,1172468,3000,1.0,608447,42050,1508,0,0,3000,566397,1508,"BRADFORD, JOHN R III",R,3000,"DUES, JUSTIN E","BRADFORD, JOHN R III",,0.0,100.0,R
NC,09,9,NC-09,4,3,2536101,19271,10.0,436,0,0,0,0,17500,436,0,"HUDSON, RICHARD L. JR.",R,17500,"BRISTOW, NIGEL WILLIAM","HUDSON, RICHARD L. JR.","ETCHISON, SHELANE",0.0,100.0,R
NC,10,10,NC-10,11,8,1727511,20050,6.0,1150111,1182593,454579,0,0,20050,-32482,454579,"MCHENRY, PATRICK TIMOTHY",R,19800,"SCOTT, RALPH R MR. JR.","MCHENRY, PATRICK TIMOTHY","FELDMAN, STEVEN; HELM, MARSHALL TODD; WARREN, DARREN",0.0,100.0,R
NC,11,11,NC-11,3,3,902980,250,1.0,13373,0,0,0,250,0,13373,0,"RUDOW, CALEB",D,250,"RUDOW, CALEB","EDWARDS, CHUCK",,100.0,0.0,D
NC,12,12,NC-12,2,2,194483,0,0.0,1750,0,0,0,0,0,1750,0,"ADAMS, ALMA SHEALEY",D,0,"ADAMS, ALMA SHEALEY","ALI, ADDUL RAHMAN EL",,,,Unknown
NC,13,13,NC-13,20,20,4269640,7700,8.0,1862171,1801303,312772,0,0,7700,60868,312772,"KNOTT, BRAD",R,6050,"NICKEL, WILEY","KNOTT, BRAD",,0.0,100.0,R
NC,14,14,NC-14,7,7,2243192,8050,7.0,676082,0,0,0,2250,5800,676082,0,"MOORE, TIM",R,5800,"JACKSON, JEFF","MOORE, TIM",,27.95031055900621,72.04968944099379,R
ND,AL,0,ND-AL,10,8,2275283,7010,8.0,1390143,1564299,72422,463309,1210,5800,-174156,-390887,"ARMSTRONG, KELLY",R,5800,"HAMMER, TRYGVE","ARMSTRONG, KELLY","GRAYSON, RICHARD",17.261055634807416,82.73894436519258,R
NE,01,1,NE-01,4,4,1051468,6600,2.0,143049,0,0,0,0,6600,143049,0,"FLOOD, MIKE",R,6600,"BLOOD, CAROL","FLOOD, MIKE",,0.0,100.0,R
NE,02,2,NE-02,4,3,8065007,74725,55.0,5090516,16012522,1997460,14000740,59555,15170,-10922006,-12003280,"VARGAS, ANTHONY 'TONY'",D,59555,"VARGAS, ANTHONY 'TONY'","BACON, DONALD J","BERA, GARY",79.69889595182336,20.301104048176647,D
NE,03,3,NE-03,5,5,461529,4300,2.0,15478,0,0,0,0,4300,15478,0,"SMITH, ADRIAN",R,4300,"ELSE, DAVID","SMITH, ADRIAN",,0.0,100.0,R
NH,01,1,NH-01,10,10,3546755,27060,19.0,352572,0,181627,0,26600,460,352572,181627,"PAPPAS, CHRIS",D,26600,"PAPPAS, CHRIS","PRESCOTT, RUSSELL",,98.30007390983,1.6999260901699924,D
NH,02,2,NH-02,23,22,6317443,95625,46.0,1393721,556581,859204,455149,91800,3825,837140,404055,"GOODLANDER, MAGGIE",D,78950,"GOODLANDER, MAGGIE","WILLIAMS, LILY TANG",,96.0,4.0,D
NJ,01,1,NJ-01,8,5,1062715,3800,2.0,2510,0,2500,0,3800,0,2510,2500,"NORCROSS, DONALD W",D,3800,"NORCROSS, DONALD W","GALDO, DAMON M",,100.0,0.0,D
NJ,02,2,NJ-02,7,6,2659241,12668,7.0,3900,0,0,0,12418,250,3900,0,"SALERNO, JOE",D,12418,"SALERNO, JOE","VAN DREW, JEFF MR","CANNAVO, THOMAS",98.02652352383959,1.9734764761604042,D
NJ,03,3,NJ-03,15,11,1262569,5550,3.0,716302,0,401868,0,3550,2000,716302,401868,"CONAWAY, HERB MD",D,3550,"CONAWAY, HERB MD","MOHAN, RAJESH","RUSSOMANNO, CHRISTOPHER; WELZER, STEVEN; WYNN, DOUGLAS",63.96396396396396,36.03603603603604,Mixed
NJ,04,4,NJ-04,10,6,374524,750,2.0,129948,0,0,0,250,500,129948,0,"SMITH, CHRISTOPHER H",R,500,"JENKINS, MATTHEW","SMITH, CHRISTOPHER H","BENDAR, BARRY D; ROSSI, AIDAN PATRICK MR",33.33333333333333,66.66666666666666,Mixed
NJ,05,5,NJ-05,7,4,6587520,68539,21.0,244471,0,122688,0,68539,0,244471,122688,"GOTTHEIMER, JOSH",D,68539,"GOTTHEIMER, JOSH","GUINCHARD, MARY JO-ANN",,100.0,0.0,D
NJ,06,6,NJ-06,9,5,1332942,19500,11.0,263,0,0,0,19500,0,263,0,"PALLONE, FRANK JR",D,19500,"PALLONE, FRANK JR","FEGLER, SCOTT MICHAEL MR.","AKHTAR, FAHAD; MALDONADO, JUSTIN JUN",100.0,0.0,D
NJ,07,7,NJ-07,8,6,7655476,66787,51.0,2312503,10492169,2148382,10343663,63187,3600,-8179666,-8195281,"ALTMAN, SUSAN COPIUS",D,46187,"ALTMAN, SUSAN COPIUS","KEAN, THOMAS H. JR.","BLACK, ANDREW; LEGUIA, LANA",94.60972943836376,5.390270561636246,D
NJ,08,8,NJ-08,9,5,3615982,19083,27.0,863560,972845,544755,575595,19083,0,-109285,-30840,"BHALLA, RAVI",D,16083,"BHALLA, RAVI","VALDES, ANTHONY",,100.0,0.0,D
NJ,09,9,NJ-09,12,9,1287478,3500,3.0,80975,0,0,0,3500,0,80975,0,"PASCRELL, WILLIAM J. JR.",D,2000,"PASCRELL, WILLIAM J. JR.","PREMPEH, WILLIAM SREBOE","TAYLOR, BENJAMIN",100.0,0.0,D
NJ,10,10,NJ-10,21,15,848581,832,1.0,1690,0,0,0,832,0,1690,0,"GORDON, ALBERTA",D,832,"GORDON, ALBERTA","BUCCO, CARMEN","SERRANO, JON CARLOS MR.",100.0,0.0,D
NJ,11,11,NJ-11,8,6,2749279,36943,16.0,7011,0,0,0,36943,0,7011,0,"SHERRILL, MIKIE",D,36943,"SHERRILL, MIKIE","BARSOOM, RAAFAT",,100.0,0.0,D
NJ,12,12,NJ-12,7,5,416817,750,2.0,10,0,0,0,750,0,10,0,"COLEMAN, BONNIE WATSON",D,750,"COLEMAN, BONNIE WATSON","EDITH COKER, SHOLA",,100.0,0.0,D
NM,01,1,NM-01,4,3,760044,3300,1.0,50633,700,50569,0,3300,0,49933,50569,"STANSBURY, MELANIE",D,3300,"STANSBURY, MELANIE","JONES, STEVE","ARAGON, EDDY",100.0,0.0,D
NM,02,2,NM-02,2,2,6403250,38302,30.0,1747426,14803871,1118603,14034489,38302,0,-13056445,-12915886,"VASQUEZ, GABRIEL",D,38302,"VASQUEZ, GABRIEL","HERRELL, STELLA YVETTE",,100.0,0.0,D
NM,03,3,NM-03,2,2,1499626,3300,1.0,2791,0,0,0,3300,0,2791,0,"LEGER FERNANDEZ, TERESA",D,3300,"LEGER FERNANDEZ, TERESA","CLAHCHISCHILLIAGE, SHARON",,100.0,0.0,D
NV,01,1,NV-01,12,6,1682619,12684,10.0,586443,1,434455,0,12334,350,586442,434455,"TITUS, DINA",D,12334,"TITUS, DINA","LARSEN, FLEMMING","QUINCE, RONALD",97.24061810154525,2.759381898454746,D
NV,02,2,NV-02,7,3,687519,500,1.0,32997,10830,4090,0,0,500,22167,4090,"AMODEI, MARK EUGENE",R,500,,"AMODEI, MARK EUGENE","KIDD, GREG",0.0,100.0,R
NV,03,3,NV-03,11,10,4674801,48696,23.0,467118,572190,6259,563561,44646,4050,-105072,-557302,"LEE, SUSIE",D,44646,"LEE, SUSIE","JOHNSON, DREW",,91.68309512074913,8.316904879250862,D
NV,04,4,NV-04,11,5,3977617,49900,16.0,2874680,205294,2343035,0,49900,0,2669386,2343035,"HORSFORD, STEVEN ALEXZANDER",D,49900,"HORSFORD, STEVEN ALEXZANDER","LEE, JOHN",,100.0,0.0,D
NY,01,1,NY-01,15,10,6765386,55760,26.0,2884589,1520972,2592635,1519195,54760,1000,1363617,1073440,"AVLON, JOHN",D,39310,"AVLON, JOHN","NICK, LALOTA","FOTI, DANIEL PETER; KALATA, RYAN MICHAEL",98.20659971305595,1.7934002869440457,D
NY,02,2,NY-02,4,3,1790769,16750,8.0,143107,0,0,0,6900,9850,143107,0,"GARBARINO, ANDREW",R,9850,"LUBIN, ROB","GARBARINO, ANDREW",,41.19402985074627,58.805970149253724,Mixed
NY,03,3,NY-03,23,21,10441567,103019,49.0,5148895,17196426,4012758,15674850,98219,4800,-12047531,-11662092,"SUOZZI, THOMAS",D,68219,"SUOZZI, THOMAS","TOES, JIM MR.","NAPPO, MATTHEW J MR.",95.34066531416535,4.659334685834652,D
NY,04,4,NY-04,8,8,2147421,0,0.0,661091,10528350,492726,10253164,0,0,-9867259,-9760438,"DESPOSITO, ANTHONY P",R,0,"DENENBERG, DAVID W","DESPOSITO, ANTHONY P",,,,Unknown
NY,05,5,NY-05,4,3,1103780,13650,3.0,46170,0,46160,0,13650,0,46170,46160,"MEEKS, GREGORY W.",D,13650,"MEEKS, GREGORY W.","KING, PAUL","HAVENS, KHALIF",100.0,0.0,D
NY,06,6,NY-06,5,4,1478997,7850,7.0,10,0,0,0,7850,0,10,0,"MENG, GRACE",D,7850,"MENG, GRACE","CHOU, JOSEPH","CHOWDHURY, MOHAMMED MOHIUDDIN",100.0,0.0,D
NY,07,7,NY-07,2,2,259365,0,0.0,10,0,0,0,0,0,10,0,"VELAZQUEZ, NYDIA M.",D,0,"VELAZQUEZ, NYDIA M.","KREGLER, WILLIAM",,,,Unknown
NY,08,8,NY-08,3,3,6711404,63376,33.0,5680,0,5650,0,63376,0,5680,5650,"JEFFRIES, HAKEEM",D,63376,"JEFFRIES, HAKEEM",,,100.0,0.0,D
NY,09,9,NY-09,3,3,286773,5775,5.0,0,0,0,0,5775,0,0,0,"CLARKE, YVETTE D",D,5775,"CLARKE, YVETTE D","AZUMAH, JOEL",,100.0,0.0,D
NY,10,10,NY-10,6,5,2541872,31000,19.0,150863,0,0,0,31000,0,150863,0,"GOLDMAN, DANIEL",D,30750,"GOLDMAN, DANIEL","DODENHOFF, ALEXANDER","BRISCOE, PAUL J.",100.0,0.0,D
NY,11,11,NY-11,4,4,1369807,10,1.0,10000,0,0,0,0,10,10000,0,"MALLIOTAKIS, NICOLE",R,10,"BLAS, SARAH","MALLIOTAKIS, NICOLE",,0.0,100.0,R
NY,12,12,NY-12,3,3,642037,3800,2.0,10,0,0,0,3800,0,10,0,"NADLER, JERROLD L",D,3800,"NADLER, JERROLD L","ZUMBLUSKAS, MICHAEL",,100.0,0.0,D
NY,13,13,NY-13,3,3,969101,0,0.0,29344,0,0,0,0,0,29344,0,"ESPAILLAT, ADRIANO",D,0,"ESPAILLAT, ADRIANO",,,,,Unknown
NY,14,14,NY-14,7,7,4785848,70988,175.0,41112,54179,0,0,70988,0,-13067,0,"OCASIO-CORTEZ, ALEXANDRIA",D,70738,"OCASIO-CORTEZ, ALEXANDRIA","BRUNETTIIS, STEFANIA MS.",,100.0,0.0,D
NY,15,15,NY-15,3,2,5822752,94730,38.0,400362,0,63084,0,94730,0,400362,63084,"TORRES, RITCHIE JOHN",D,94730,"TORRES, RITCHIE JOHN",,"VEGA, JOSE DAVID",100.0,0.0,D
NY,16,16,NY-16,7,7,9453205,75203,91.0,7452289,13183716,7337105,13183716,75203,0,-5731427,-5846611,"BOWMAN, JAMAAL",D,55653,"BOWMAN, JAMAAL","BRAME, MADELINE",,100.0,0.0,D
NY,17,17,NY-17,5,4,9889568,103920,70.0,6958129,19518814,4535675,19400909,84487,19433,-12560685,-14865234,"JONES, MONDAIRE",D,83137,"JONES, MONDAIRE","LAWLER, MICHAEL VINCENT","FRASCONE, ANTHONY",81.30003849114703,18.699961508852965,D
NY,18,18,NY-18,4,4,6185380,119935,40.0,4603345,4035113,3790302,3695940,119935,0,568232,94362,"RYAN, PATRICK",D,119935,"RYAN, PATRICK","ESPOSITO, ALISON",,100.0,0.0,D
NY,19,19,NY-19,5,4,7638446,103316,67.0,8518108,22494958,6280414,20854628,102602,714,-13976850,-14574214,"RILEY, JOSH",D,102602,"RILEY, JOSH","MOLINARO, MARCUS J.",,99.30891633435286,0.6910836656471407,D
NY,20,20,NY-20,8,8,411191,0,0.0,682,0,0,0,0,0,682,0,"TONKO, PAUL DAVID",D,0,"TONKO, PAUL DAVID","WALTZ, KEVIN M.",,,,Unknown
NY,21,21,NY-21,5,4,2963248,1727,3.0,0,0,0,0,1167,560,0,0,"COLLINS, PAULA",D,1167,"COLLINS, PAULA","STEFANIK, ELISE M.",,67.57382744643891,32.42617255356109,Mixed
NY,22,22,NY-22,7,6,4616970,71125,48.0,3867424,8293446,2405595,7599760,57469,13656,-4426022,-5194165,"MANNION, JOHN W",D,49835,"MANNION, JOHN W","WILLIAMS, BRANDON MCDONALD","GOWETT, CHRISTOPHER JAMES",80.80000000000001,19.2,D
NY,23,23,NY-23,2,2,828326,0,0.0,0,0,0,0,0,0,0,0,"CARLE, THOMAS A",D,0,"CARLE, THOMAS A","LANGWORTHY, NICK",,,,Unknown
NY,24,24,NY-24,4,4,1145143,8400,2.0,1302,210,0,0,0,8400,1092,0,"TENNEY, CLAUDIA",R,8400,"WAGENHAUSER, DAVID","TENNEY, CLAUDIA",,0.0,100.0,R
NY,25,25,NY-25,2,2,458307,0,0.0,0,0,0,0,0,0,0,0,"MORELLE, JOSEPH D",D,0,"MORELLE, JOSEPH D","SADWICK, GREGG ANTHONY MR",,,,Unknown
NY,26,26,NY-26,7,6,1953390,9384,7.0,68984,0,0,0,9384,0,68984,0,"KENNEDY, TIMOTHY",D,9384,"KENNEDY, TIMOTHY","DICKSON, GARY A","SPEAKER, JAMES PAUL",100.0,0.0,D
OH,01,1,OH-01,3,2,2967425,12333,9.0,522726,29070,460108,29070,11583,750,493656,431038,"LANDSMAN, GREG",D,11583,"LANDSMAN, GREG","SONZA, ORLANDO",,93.91875456093408,6.0812454390659205,D
OH,02,2,OH-02,18,17,2167280,10342,7.0,851555,39149,223729,0,0,10342,812406,223729,"ANTANI, NIRAJ JAIMINI",R,6001,"MEADOWS, SAMANTHA","ANTANI, NIRAJ JAIMINI",,0.0,100.0,R
OH,03,3,OH-03,3,3,464617,500,1.0,1330,0,1320,0,500,0,1330,1320,"BEATTY, JOYCE",D,500,"BEATTY, JOYCE","YOUNG, MICHAEL",,100.0,0.0,D
OH,04,4,OH-04,6,6,5063545,4587,13.0,6619,14241,4312,5075,2175,2412,-7622,-763,"JORDAN, JAMES D.",R,2412,"WILSON, TAMARA","JORDAN, JAMES D.",,47.41661216481361,52.5833878351864,Mixed
OH,05,5,OH-05,5,4,630822,6600,2.0,6196,0,1719,0,0,6600,6196,1719,"LATTA, ROBERT EDWARD",R,6600,"MUNDY, KEITH FRANCIS","LATTA, ROBERT EDWARD",,0.0,100.0,R
OH,06,6,OH-06,20,10,1394297,520,1.0,111287,153734,105641,0,0,520,-42447,105641,"RULLI, MICHAEL",R,520,"FINZER, RYLAN ZACHARY","RULLI, MICHAEL","FARMS, WILLIAM; LAFONT, CHRISTOPHER ALEXANDER",0.0,100.0,R
OH,07,7,OH-07,6,4,1581771,2500,3.0,131946,19250,20724,19250,0,2500,112696,1474,"MILLER, MAX",R,2500,"DIEMER, MATTHEW","MILLER, MAX","KUCINICH, DENNIS; KUCINICH, DENNIS J",0.0,100.0,R
OH,08,8,OH-08,5,5,347226,9900,2.0,6407,0,2600,0,0,9900,6407,2600,"DAVIDSON, WARREN",R,9900,"ENOCH, VANESSA L. DR.","DAVIDSON, WARREN",,0.0,100.0,R
OH,09,9,OH-09,8,6,4002411,29067,24.0,4015785,14380404,3200008,13395079,28067,1000,-10364619,-10195071,"KAPTUR, MARCY HON. M.C.",D,28067,"KAPTUR, MARCY HON. M.C.","MERRIN, DEREK","PASTORIUS, DAVID A MR.; PRUSS, TOM",96.55967248082017,3.440327519179826,D
OH,10,10,OH-10,6,5,715815,30550,12.0,3807,0,0,0,250,30300,3807,0,"TURNER, MICHAEL R REP.",R,30300,"COX, AMY","TURNER, MICHAEL R REP.","HARBAUGH, MICHAEL ROBERT",0.8183306055646482,99.18166939443536,R
OH,11,11,OH-11,9,5,576837,60,1.0,1743,0,233,0,60,0,1743,233,"BROWN, M SHONTEL",D,60,"BROWN, M SHONTEL","HEMPHILL, JAMES TERRELLE","FREEMAN, SEAN",100.0,0.0,D
OH,12,12,OH-12,2,2,1006015,8700,4.0,5497,0,1690,0,600,8100,5497,1690,"BALDERSON, WILLIAM TROY",R,8100,"CHRISTIAN, JERRAD SHANE","BALDERSON, WILLIAM TROY",,6.896551724137931,93.10344827586206,R
OH,13,13,OH-13,8,5,3872084,27275,23.0,2886022,13460555,1726374,13219716,26525,750,-10574533,-11493342,"SYKES, EMILIA",D,26525,"SYKES, EMILIA","COUGHLIN, KEVIN","MORCKEL, RICHARD A MR.",97.25022914757103,2.749770852428964,D
OH,14,14,OH-14,4,4,790736,13200,2.0,34719,0,0,0,0,13200,34719,0,"JOYCE, DAVID P.",R,13200,,"JOYCE, DAVID P.",,0.0,100.0,R
OH,15,15,OH-15,4,4,1093651,7050,6.0,3463,0,1146,0,1750,5300,3463,1146,"CAREY, MIKE",R,5300,"ABID, ZERQA","CAREY, MIKE",,24.822695035460992,75.177304964539,R
OK,01,1,OK-01,6,5,869840,1525,3.0,0,0,0,0,275,1000,0,0,"HERN, KEVIN",R,1000,"BAKER, DENNIS","HERN, KEVIN","SANDERS, MARK DAVID GARCIA",21.568627450980394,78.43137254901961,R
OK,02,2,OK-02,4,2,226072,0,0.0,6465,0,6465,0,0,0,6465,6465,"BRECHEEN, JOSH",R,0,"WADE, BRANDON KEITH","BRECHEEN, JOSH","HOPKINS, RONNIE",,,Unknown
OK,03,3,OK-03,4,4,585494,6600,1.0,49852,0,0,0,0,6600,49852,0,"LUCAS, FRANK D.",R,6600,,"LUCAS, FRANK D.",,0.0,100.0,R
OK,04,4,OK-04,9,6,3166251,14900,4.0,299607,3430102,51267,345600,3300,11600,-3130495,-294333,"COLE, TOM",R,11600,"MACAULAY, KODY CRAIG","COLE, TOM",,22.14765100671141,77.85234899328859,R
OK,05,5,OK-05,2,2,1189996,13400,8.0,0,0,0,0,2500,10900,0,0,"BICE, STEPHANIE",R,10900,"HORN, MADISON","BICE, STEPHANIE",,18.65671641791045,81.34328358208955,R
OR,01,1,OR-01,5,4,347096,250,1.0,12157,0,0,0,250,0,12157,0,"BONAMICI, SUZANNE MS.",D,250,"BONAMICI, SUZANNE MS.",,"CHRISTMAN, JOSEPH WILLIAM",100.0,0.0,D
OR,02,2,OR-02,6,5,484870,500,1.0,1040,0,0,0,500,0,1040,0,"RUBY, DANIEL",D,500,"RUBY, DANIEL","BENTZ, CLIFF","STETTLER, MICHAEL",100.0,0.0,D
OR,03,3,OR-03,17,14,2975798,21510,23.0,2537940,3245812,2381057,0,21510,0,-707872,2381057,"JAYAPAL, SUSHEELA",D,13460,"JAYAPAL, SUSHEELA","HARBOUR, JOANNA","MEYER, JOE",100.0,0.0,D
OR,04,4,OR-04,7,5,1831194,2835,3.0,17737,217851,0,140811,2835,0,-200114,-140811,"HOYLE, VALERIE",D,2835,"HOYLE, VALERIE","COURSER, AMY RYAN",,100.0,0.0,D
OR,05,5,OR-05,13,7,7630477,101607,108.0,8027155,18131412,6097480,17494476,101607,0,-10104257,-11396996,"BYNUM, JANELLE",D,95557,"BYNUM, JANELLE","CHAVEZ-DEREMER, LORI","AASEN, ANDREW J; FEINTECH, SONJA; HAUTH, KURT PATRICK MR; SMITH, BRETT; TOWNSEND, ANDREA THOM",100.0,0.0,D
OR,06,6,OR-06,7,7,3591846,28854,27.0,33413,610018,3704,509235,28854,0,-576605,-505531,"SALINAS, ANDREA",D,28854,"SALINAS, ANDREA","ERICKSON, MIKE",,100.0,0.0,D
PA,01,1,PA-01,7,6,5268115,69341,38.0,965657,363948,262244,4040,36341,33000,601709,258204,"EHASZ, ASHLEY",D,36341,"EHASZ, ASHLEY","FITZPATRICK, BRIAN",,52.409108608182756,47.59089139181725,Mixed
PA,02,2,PA-02,3,3,625874,10300,7.0,3672,209,2931,0,10300,0,3463,2931,"BOYLE, BRENDAN F",D,10300,"BOYLE, BRENDAN F","BASHIR, AARON",,100.0,0.0,D
PA,03,3,PA-03,2,2,288875,0,0.0,19893,209,431,0,0,0,19684,431,"EVANS, DWIGHT",D,0,"EVANS, DWIGHT",,,,,Unknown
PA,04,4,PA-04,5,4,670369,762,1.0,1310,209,0,0,762,0,1101,0,"DEAN, MADELEINE",D,762,"DEAN, MADELEINE","WINKLER, DAVID JOHN MR.","KELLER, CHUCK",100.0,0.0,D
PA,05,5,PA-05,3,3,710881,280,1.0,1833,209,0,0,280,0,1624,0,"SCANLON, MARY GAY",D,280,"SCANLON, MARY GAY","DEVAUGHN-GOODWIN, ALFEIA",,100.0,0.0,D
PA,06,6,PA-06,2,2,1198836,26000,8.0,47177,209,2500,0,26000,0,46968,2500,"HOULAHAN, CHRISSY",D,26000,"HOULAHAN, CHRISSY","YOUNG, NEIL CARLIN MR. JR.",,100.0,0.0,D
PA,07,7,PA-07,7,6,6290204,71488,54.0,5946631,20390490,4136782,19977940,67688,3800,-14443859,-15841158,"WILD, SUSAN",D,67688,"WILD, SUSAN","MACKENZIE, RYAN EDWARD","SHUPE, LEWIS",94.68442256042972,5.315577439570277,D
PA,08,8,PA-08,3,3,6378285,50252,36.0,1906002,17385149,1520062,17101266,46952,3300,-15479147,-15581204,"CARTWRIGHT, MATTHEW A.",D,46952,"CARTWRIGHT, MATTHEW A.","BRESNAHAN, ROB",,93.43309719016159,6.566902809838414,D
PA,09,9,PA-09,2,2,868673,0,0.0,5412,1123,2610,0,0,0,4289,2610,"MEUSER, DANIEL",R,0,"WALDMAN, AMANDA","MEUSER, DANIEL",,,,Unknown
PA,10,10,PA-10,8,8,6946408,37287,35.0,1846980,12029605,756962,7654765,36387,900,-10182625,-6897803,"STELSON, JANELLE",D,30945,"STELSON, JANELLE","PERRY, SCOTT",,97.58629012792662,2.4137098720733765,D
PA,11,11,PA-11,5,5,291100,0,0.0,2186,0,1841,0,0,0,2186,1841,"SMUCKER, LLOYD K.",R,0,"ATKINSON, JAMES FREDRICK","SMUCKER, LLOYD K.",,,,Unknown
PA,12,12,PA-12,4,4,2648925,27571,35.0,1348308,209,528966,0,27571,0,1348099,528966,"LEE, SUMMER",D,22911,"LEE, SUMMER","HAYES, JAMES DR.",,100.0,0.0,D
PA,13,13,PA-13,3,3,300301,5550,2.0,7992,209,2647,0,0,5550,7783,2647,"JOYCE, JOHN",R,5550,"FARNHAM, ELIZABETH RHOADS","JOYCE, JOHN",,0.0,100.0,R
PA,14,14,PA-14,7,6,1316143,7800,4.0,5561,632,2219,0,0,7800,4929,2219,"RESCHENTHALER, GUY MR.",R,7800,"DZIADOS, CHRISTOPHER RYAN","RESCHENTHALER, GUY MR.","HALFHILL, ADAM SCOTT",0.0,100.0,R
PA,15,15,PA-15,3,3,1197445,22550,7.0,2983,631,2638,0,250,22300,2352,2638,"THOMPSON, GLENN MR.",R,22300,"WOMER, ZACHERAY MR.","THOMPSON, GLENN MR.",,1.1086474501108647,98.89135254988913,R
PA,16,16,PA-16,3,3,990907,10435,9.0,3256,209,1914,0,10435,0,3047,1914,"NOURI, PRESTON",D,10435,"NOURI, PRESTON","KELLY, GEORGE J JR",,100.0,0.0,D
PA,17,17,PA-17,5,4,3620785,30050,22.0,609963,537842,313048,537633,26750,3300,72121,-224585,"DELUZIO, CHRISTOPHER",D,26750,"DELUZIO, CHRISTOPHER","MERCURI, ROBERT W","CUTERI, CLAYTON ALEXANDER",89.01830282861897,10.98169717138103,D
PR,AL,0,PR-AL,11,5,3275762,2230,5.0,0,0,0,0,2230,0,0,0,"HERNANDEZ RIVERA, PABLO JOSE",D,2230,"HERNANDEZ RIVERA, PABLO JOSE","MELENDEZ, JOSE E","CRUZ VELEZ, EDGARDO; GONZALEZ COLON, JENNIFFER; RAMIREZ-FORT, MARIGDALIA KALETH DR.; ROMAN, ELMER LUIS; VILLAFANE RAMOS, WILLIAM ELY",100.0,0.0,D
RI,01,1,RI-01,8,7,2514017,29169,24.0,102583,0,30069,0,29169,0,102583,30069,"AMO, GABRIEL F",D,28169,"AMO, GABRIEL F","WATERS, ALLEN",,100.0,0.0,D
RI,02,2,RI-02,2,2,1110073,4800,2.0,1646,0,1300,0,4800,0,1646,1300,"MAGAZINER, SETH",D,4800,"MAGAZINER, SETH","CORVI, STEVEN J",,100.0,0.0,D
SC,01,1,SC-01,8,8,2436881,15750,6.0,2872347,5256133,498052,530505,50,15700,-2383786,-32453,"MACE, NANCY",R,14700,"DEFORD, WILLIAM MCADOO MAC","MACE, NANCY",,0.31746031746031744,99.68253968253968,R
SC,02,2,SC-02,5,5,414214,0,0.0,0,0,0,0,0,0,0,0,"REDMOND, HAMPTON CRAFT MR 3RD",R,0,"ROBINSON, ROGER DAVID JR","REDMOND, HAMPTON CRAFT MR 3RD",,,,Unknown
SC,03,3,SC-03,16,14,1100566,2750,5.0,1201622,366453,700,0,0,2750,835169,700,"DUNCAN, JEFFREY D MR.",R,1500,"BEST, BRYON L","DUNCAN, JEFFREY D MR.","BEDENBAUGH, MICHAEL",0.0,100.0,R
SC,04,4,SC-04,6,3,978661,1770,4.0,2257195,24000,397,0,750,1020,2233195,397,"HARVEY, KATHRYN",D,750,"HARVEY, KATHRYN","MORGAN, ADAM","GILLAN, DENNIS MARTIN MR.",42.3728813559322,57.6271186440678,Mixed
SC,05,5,SC-05,3,2,146749,0,0.0,2354,0,2354,0,0,0,2354,2354,"NORMAN, RALPH W. JR.",R,0,"HUNDLEY, EVANGELINE","NORMAN, RALPH W. JR.","TEDDER, ELIZABETH",,,Unknown
SC,06,6,SC-06,8,4,766537,4806,4.0,10,0,0,0,4300,0,10,0,"CLYBURN, JAMES E.",D,4300,"CLYBURN, JAMES E.","BUCKNER, DUKE","DIXON, GREGG; ODDO, JOSEPH",100.0,0.0,D
SC,07,7,SC-07,4,4,1002809,2000,2.0,0,0,0,0,0,2000,0,0,"FRY, RUSSELL",R,2000,"SCOTT, DARYL","FRY, RUSSELL",,0.0,100.0,R
SD,AL,0,SD-AL,7,7,2533700,6600,1.0,124736,0,124736,0,0,6600,124736,124736,"JOHNSON, DUSTY",R,6600,"JOHNSON, SHERYL","JOHNSON, DUSTY",,0.0,100.0,R
TN,01,1,TN-01,7,4,558431,500,1.0,34,0,34,0,0,500,34,34,"HARSHBARGER, DIANA",R,500,"JENKINS, KEVIN","HARSHBARGER, DIANA",,0.0,100.0,R
TN,02,2,TN-02,3,3,918151,0,0.0,0,0,0,0,0,0,0,0,"BURCHETT, TIM",R,0,"GEORGE, JANE ANNE","BURCHETT, TIM",,,,Unknown
TN,03,3,TN-03,4,2,1181591,3300,1.0,675,0,0,0,0,3300,675,0,"FLEISCHMANN, CHARLES J",R,3300,"ALLEN, JACK BURKS MR JR","FLEISCHMANN, CHARLES J",,0.0,100.0,R
TN,04,4,TN-04,9,6,206910,0,0.0,572,0,572,0,0,0,572,572,"DESJARLAIS, SCOTT HON.",R,0,"BRODERICK, VICTORIA","DESJARLAIS, SCOTT HON.","COSGROVE, KATHLEEN M MS",,,Unknown
TN,05,5,TN-05,8,5,1895092,11400,5.0,1029460,73652,269343,0,1250,10150,955808,269343,"GUARENTE, THOMAS A",R,10150,"ABOLFAZLI, MARYAM.","GUARENTE, THOMAS A","FAPARUSI, YOMI FAPAS DR; TITLEY, BOB R.",10.964912280701753,89.03508771929825,R
TN,06,6,TN-06,6,6,1132415,0,0.0,0,0,0,0,0,0,0,0,"FAIRLCOTH, ROY  (CLAY FAIR CLAYBORNE J",D,0,"FAIRLCOTH, ROY  (CLAY FAIR CLAYBORNE J","REID, JOE",,,,Unknown
TN,07,7,TN-07,6,5,2106561,600,1.0,4691,0,815,0,600,0,4691,815,"BARRY, MEGAN",D,600,"BARRY, MEGAN","GREEN, MARK DR.","GREENE, SHAUN JOSEPH",100.0,0.0,D
TN,08,8,TN-08,8,7,1045598,0,0.0,0,0,0,0,0,0,0,0,"KUSTOFF, DAVID",R,0,"FREEMAN, SARAH","KUSTOFF, DAVID","HART, JAMES",,,Unknown
TN,09,9,TN-09,9,7,243790,0,0.0,10,0,0,0,0,0,10,0,"COHEN, STEVE I MR.",D,0,"COHEN, STEVE I MR.","BERGMANN, CHARLOTTE","CLARK, DENNIS JEFFREY",,,Unknown
TX,01,1,TX-01,2,2,312336,4300,2.0,2017,0,1727,0,0,4300,2017,1727,"MORAN, NATHANIEL QUENTIN",R,4300,,"MORAN, NATHANIEL QUENTIN",,0.0,100.0,R
TX,02,2,TX-02,4,4,1831842,0,0.0,1377,0,1029,0,0,0,1377,1029,"CRENSHAW, DANIEL",R,0,"FILLER, PETER STEVEN","CRENSHAW, DANIEL",,,,Unknown
TX,03,3,TX-03,7,6,276515,3800,2.0,0,0,0,0,3800,0,0,0,"SRIVASTAVA, SANDEEP KUMAR",D,3800,"SRIVASTAVA, SANDEEP KUMAR","HARP, SUZANNE CASSIMATIS",,100.0,0.0,D
TX,04,4,TX-04,5,4,287022,0,0.0,1555,0,1265,0,0,0,1555,1265,"FALLON, PATRICK",R,0,"CARDELL, SIMON WB","FALLON, PATRICK",,,,Unknown
TX,05,5,TX-05,3,2,411840,0,0.0,1352,0,1062,0,0,0,1352,1062,"GOODEN, LANCE",R,0,"TORRES, RUTH MS.","GOODEN, LANCE","RODRIGUEZ, ANTONIO",,,Unknown
TX,06,6,TX-06,5,5,2811365,8479,6.0,101325,0,1035,0,0,8479,101325,1035,"ELLZEY, JOHN KEVIN SR.",R,8479,"LOVE, JOHN BENARD III","ELLZEY, JOHN KEVIN SR.",,0.0,100.0,R
TX,07,7,TX-07,10,9,2728218,13100,19.0,27836,6121,6727,3737,13100,0,21715,2990,"AGWAN, PERVEZ S",D,13100,"AGWAN, PERVEZ S","KANE, CAROLINE",,100.0,0.0,D
TX,08,8,TX-08,2,2,684224,6600,1.0,7517,0,1207,0,0,6600,7517,1207,"LUTTRELL, MORGAN JOE",R,6600,"JONES, LAURA","LUTTRELL, MORGAN JOE",,0.0,100.0,R
TX,09,9,TX-09,3,3,203009,0,0.0,0,0,0,0,0,0,0,0,"SIMMONS, IFETAYO",D,0,"SIMMONS, IFETAYO","ALVAREZ, ANDREW RUBEN",,,,Unknown
TX,10,10,TX-10,7,4,2502263,19745,9.0,29008,0,28718,0,250,18995,29008,28718,"MCCAUL, MICHAEL",R,18995,"BOISSEAU, THERESA","MCCAUL, MICHAEL","MEDLEY, STEFAN PAUL MR",1.2990387113535984,98.70096128864641,R
TX,11,11,TX-11,3,1,598953,5800,2.0,1591,0,1301,0,0,5800,1591,1301,"PFLUGER, AUGUST LEE II",R,5800,,"PFLUGER, AUGUST LEE II","MEDINA, RONALD RAZON MR",0.0,100.0,R
TX,12,12,TX-12,9,9,3106780,8700,7.0,1573754,232605,1129,0,0,8700,1341149,1129,"GOLDMAN, CRAIG",R,4000,"HUNT, TREY","GOLDMAN, CRAIG",,0.0,100.0,R
TX,13,13,TX-13,4,2,2209355,7549,5.0,1777,0,1487,0,0,7549,1777,1487,"JACKSON, RONNY LYNN",R,7549,,"JACKSON, RONNY LYNN","CUNNINGHAM, WILLIAM ROBERT MR. JR.",0.0,100.0,R
TX,14,14,TX-14,5,4,645559,0,0.0,2235,0,1945,0,0,0,2235,1945,"WEBER, RANDY",R,0,"HART, RHONDA J","WEBER, RANDY",,,,Unknown
TX,15,15,TX-15,5,4,4250915,9117,9.0,1089573,1576738,971177,1576738,8615,502,-487165,-605561,"VALLEJO, MICHELLE",D,8615,"VALLEJO, MICHELLE","DE LA CRUZ, MONICA",,94.49380278600417,5.506197213995832,D
TX,16,16,TX-16,4,3,692404,1000,2.0,0,0,0,0,1000,0,0,0,"ESCOBAR, VERONICA",D,1000,"ESCOBAR, VERONICA","ARMENDARIZ-JACKSON, IRENE","MONTANEZ BERRIOS (DMB), DELIRIS",100.0,0.0,D
TX,17,17,TX-17,4,3,641528,0,0.0,1584,0,1298,0,0,0,1584,1298,"SESSIONS, PETE",R,0,"LORENZEN, MARK","SESSIONS, PETE",,,,Unknown
TX,18,18,TX-18,17,12,2907539,12650,12.0,73049,0,0,0,12650,0,73049,0,"EDWARDS, AMANDA",D,7800,"EDWARDS, AMANDA","CENTONZE, LANA MRS.","DAVIS, CHANCE; DURAL, KEVIN; HERMES, AARON",100.0,0.0,D
TX,19,19,TX-19,6,4,540978,0,0.0,15751,0,1161,0,0,0,15751,1161,"ARRINGTON, JODEY",R,0,,"ARRINGTON, JODEY","JOHNSON, BERNARD; LEWIS, NATHAN ALLEN",,,Unknown
TX,20,20,TX-20,3,2,376636,1150,4.0,10,0,0,0,1150,0,10,0,"CASTRO, JOAQUIN",D,1150,"CASTRO, JOAQUIN","HAYWARD, WILLIAM REED",,100.0,0.0,D
TX,21,21,TX-21,4,2,2049505,7834,7.0,15783,0,5493,0,6975,459,15783,5493,"HOOK, KRISTIN A DR.",D,6975,"HOOK, KRISTIN A DR.","ROY, CHIP","KING, BOB",93.82566585956417,6.174334140435835,D
TX,22,22,TX-22,4,3,390360,0,0.0,53385,0,2037,0,0,0,53385,2037,"NEHLS, TROY",R,0,"GREENE-SCOTT, MARQUETTE","NEHLS, TROY","KHAN, SAER",,,Unknown
TX,23,23,TX-23,10,10,3180135,23915,12.0,1558920,2573568,429707,2050478,0,23915,-1014648,-1620771,"GONZALES, ERNEST ANTHONY TONY II",R,22300,"BAUSINGER, MELVIN LEE","GONZALES, ERNEST ANTHONY TONY II",,0.0,100.0,R
TX,24,24,TX-24,5,5,1871695,5050,5.0,17257,72740,1097,0,1850,3200,-55483,1097,"VAN DUYNE, ELIZABETH ANN",R,3200,"EPPLER, SAM","VAN DUYNE, ELIZABETH ANN",,36.633663366336634,63.366336633663366,Mixed
TX,25,25,TX-25,6,6,275405,0,0.0,1732,0,1442,0,0,0,1732,1442,"WILLIAMS, ROGER",R,0,"RECTOR, CHRISTOPHER","WILLIAMS, ROGER",,,,Unknown
TX,26,26,TX-26,16,14,1873778,750,2.0,951674,2121238,526361,97,0,750,-1169564,526264,"HUFFMAN, JOHN",R,500,"LEAPHART, KELVIN","HUFFMAN, JOHN","MARKLAND, MONTGOMERY",0.0,100.0,R
TX,27,27,TX-27,7,6,569955,3000,2.0,3124,0,2834,0,1000,2000,3124,2834,"CLOUD, MICHAEL",R,2000,"LLOYD, TANYA W","CLOUD, MICHAEL","LOYD, ERIC SCOTT",33.33333333333333,66.66666666666666,Mixed
TX,28,28,TX-28,8,7,1675178,13200,2.0,3289,0,-15045,0,13200,0,3289,-15045,"CUELLAR, HENRY R.",D,13200,"CUELLAR, HENRY R.","FURMAN, JAY COMMANDER",,100.0,0.0,D
TX,29,29,TX-29,6,6,224142,0,0.0,80,0,0,0,0,0,80,0,"GARZA, ALFREDO ALAN",R,0,"GARCIA, SYLVIA R","GARZA, ALFREDO ALAN",,,,Unknown
TX,30,30,TX-30,9,5,963874,13365,9.0,274,0,264,0,13365,0,274,264,"CROCKETT, JASMINE",D,13365,"CROCKETT, JASMINE","DANIELS, SHOLDON","JEFFERSON, JRMAR; LOYD, ERIC SCOTT",100.0,0.0,D
TX,31,31,TX-31,9,9,877425,11600,4.0,19899,0,1459,0,0,11600,19899,1459,"CARTER, JOHN R REP.",R,11600,"PFEIL, RICK","CARTER, JOHN R REP.",,0.0,100.0,R
TX,32,32,TX-32,20,16,3292122,23688,17.0,1773878,8778,504975,8778,23688,0,1765100,496197,"JOHNSON, JULIE",D,10150,"JOHNSON, JULIE","BLEWETT, DAVID","HALE, KEVIN; TRAN, ASHLEY",100.0,0.0,D
TX,33,33,TX-33,10,9,607791,12600,7.0,0,0,0,0,12600,0,0,0,"VEASEY, MARC ALLISON",D,12600,"VEASEY, MARC ALLISON","BURGESS, CLINT C","JACKSON, PAYTON",100.0,0.0,D
TX,34,34,TX-34,6,6,4621970,19070,14.0,1154640,3411168,167736,3411168,18534,536,-2256528,-3243432,"GONZALEZ, VICENTE",D,18534,"GONZALEZ, VICENTE","FLORES, MAYRA NOHEMI",,97.18930256948086,2.81069743051914,D
TX,35,35,TX-35,7,6,590433,8600,7.0,334,0,324,0,8600,0,334,324,"CASAR, GREG",D,8600,"CASAR, GREG","CUDDY, DAVE MR",,100.0,0.0,D
TX,36,36,TX-36,4,4,303129,500,1.0,4244,0,1256,0,0,500,4244,1256,"BABIN, BRIAN",R,500,,"BABIN, BRIAN",,0.0,100.0,R
TX,37,37,TX-37,6,5,660080,4425,3.0,2351,0,1616,0,4425,0,2351,1616,"DOGGETT, LLOYD",D,4425,"DOGGETT, LLOYD","SHARON, JENNIFER","ALTEKAR, GIRISH",100.0,0.0,D
TX,38,38,TX-38,6,4,713502,1000,1.0,1407,0,1059,0,1000,0,1407,1059,"MCDONOUGH, MELISSA A",D,1000,"MCDONOUGH, MELISSA A","HUNT, WESLEY","AYERS, AVERY LAMARR",100.0,0.0,D
UT,01,1,UT-01,5,4,1091945,4300,2.0,0,0,0,0,0,4300,0,0,"MOORE, BLAKE",R,4300,"CAMPBELL, BILL","MOORE, BLAKE",,0.0,100.0,R
UT,02,2,UT-02,13,10,2071199,8495,5.0,795673,50462,106692,0,0,8495,745211,106692,"STEWART, CHRIS",R,4800,"ADAMS, BRIAN","STEWART, CHRIS","MURSET, TYLER; WALKER, JANUARY",0.0,100.0,R
UT,03,3,UT-03,15,15,2922106,0,0.0,10393,0,0,0,0,0,10393,0,"KENNEDY, MIKE",R,0,"WRIGHT, GLENN J","KENNEDY, MIKE",,,,Unknown
UT,04,4,UT-04,5,3,733662,500,1.0,0,0,0,0,0,500,0,0,"OWENS, BURGESS",R,500,"FALLICK-WANG, KATRINA","OWENS, BURGESS","COOK, VAUGHN R",0.0,100.0,R
VA,01,1,VA-01,3,3,2023276,14711,11.0,1014,0,1014,0,1310,13401,1014,1014,"WITTMAN, ROBERT J. MR.",R,13401,"MEHTA, LESLIE","WITTMAN, ROBERT J. MR.",,8.904901094419142,91.09509890558087,R
VA,02,2,VA-02,4,3,5046287,30450,21.0,2346138,7133119,2003153,6371476,29316,1134,-4786981,-4368323,"COTTER SMASAL, MISSY",D,29316,"COTTER SMASAL, MISSY","KIGGANS, JENNIFER","REID, ROBERT",96.27586206896551,3.724137931034482,D
VA,03,3,VA-03,5,3,338280,1000,1.0,10,0,0,0,1000,0,10,0,"SCOTT, ROBERT C",D,1000,"SCOTT, ROBERT C","SITKA, JOHN DR. III","TAYLOR-YOUNG, RHODA RENEE MS.; WILLIAMS, SHANISE T",100.0,0.0,D
VA,04,4,VA-04,2,2,1325943,6050,5.0,46485,0,26021,0,6050,0,46485,26021,"MCCLELLAN, JENNIFER",D,6050,"MCCLELLAN, JENNIFER","MOHER, WILLIAM",,100.0,0.0,D
VA,05,5,VA-05,5,5,1010190,1975,4.0,2244852,3601869,88029,132227,500,1475,-1357017,-44198,"GOOD, ROBERT G. HON.",R,1475,"WITT, GLORIA TINSLEY","GOOD, ROBERT G. HON.",,25.31645569620253,74.68354430379746,R
VA,06,6,VA-06,4,3,600316,3500,2.0,2019,4795,2019,4795,0,3500,-2776,-2776,"CLINE, BENJAMIN LEE",R,3500,"MITCHELL, KEN","CLINE, BENJAMIN LEE",,0.0,100.0,R
VA,07,7,VA-07,18,17,10197838,73760,84.0,7684607,8095299,3263223,6530882,69892,3868,-410692,-3267659,"VINDMAN, YEVGENY 'EUGENE'",D,53142,"VINDMAN, YEVGENY 'EUGENE'","HAMILTON, CAMERON","ENNIS, CRAIG",94.75596529284165,5.2440347071583515,D
VA,08,8,VA-08,11,6,2144412,8700,6.0,37650,0,0,0,8700,0,37650,0,"BEYER, DONALD STERNOFF JR.",D,8700,"BEYER, DONALD STERNOFF JR.","TORRES, JERRY","HENSEL, BENTLEY FOSTER; KENNEDY, DAVID R.; LEON, STEPHEN ALAN MR.; OLMACK, JERAMY LEE; WEBB, MAJOR MIKE",100.0,0.0,D
VA,09,9,VA-09,3,2,417536,500,1.0,2517,0,2517,0,500,0,2517,2517,"BAKER, KAREN G.H. MS.",D,500,"BAKER, KAREN G.H. MS.","GRIFFITH, H MORGAN","DICKERSON, CAMERON D.",100.0,0.0,D
VA,10,10,VA-10,24,23,8117372,107931,82.0,6364053,200955,2036921,0,87365,20566,6163098,2036921,"SUBRAMANYAM, SUHAS",D,32653,"SUBRAMANYAM, SUHAS","CLANCY, MIKE","ARYAN, DENNIS",80.94523352882861,19.054766471171398,D
VA,11,11,VA-11,3,3,1185735,9050,10.0,28677,0,0,0,9050,0,28677,0,"CONNOLLY, GERALD EDWARD",D,8800,"CONNOLLY, GERALD EDWARD","VAN METER, MICHAEL LEWIS",,100.0,0.0,D
VI,AL,0,VI-AL,3,2,317146,6500,3.0,0,0,0,0,6500,0,0,0,"PLASKETT, STACEY",D,6500,"PLASKETT, STACEY","PICKARD, RONALD",,100.0,0.0,D
VT,AL,0,VT-AL,4,2,651841,2000,3.0,159772,0,2400,0,2000,0,159772,2400,"BALINT, REBECCA 'BECCA'",D,2000,"BALINT, REBECCA 'BECCA'","COESTER, C. MARK MR",,100.0,0.0,D
WA,01,1,WA-01,7,6,1304865,81000,71.0,3159,0,3149,0,81000,0,3159,3149,"DELBENE, SUZAN K",D,81000,"DELBENE, SUZAN K","BREWER, JAMES E.","HEINES, MATTHEW",100.0,0.0,D
WA,02,2,WA-02,8,6,870104,5550,5.0,3149,0,3149,0,5550,0,3149,3149,"LARSEN, RICK",D,5550,"LARSEN, RICK","MILLER, DANIEL","CALL, JASON",100.0,0.0,D
WA,03,3,WA-03,7,6,8309566,140172,111.0,3901929,14712159,2529609,14639880,139122,1050,-10810230,-12110271,"GLUESENKAMP PEREZ, MARIE",D,139122,"GLUESENKAMP PEREZ, MARIE","KENT, JOSEPH","SAUILE ROHMAN, JOHN",99.25092029791969,0.7490797020803014,D
WA,04,4,WA-04,10,8,2204113,12400,5.0,1179537,2172014,262019,290168,0,12400,-992477,-28149,"NEWHOUSE, DAN",R,12400,"BAECHLER, MARY","NEWHOUSE, DAN","GARCIA, BENANCIO; MALAN, JOHN",0.0,100.0,R
WA,05,5,WA-05,16,16,3697545,15584,7.0,226812,7200,62708,0,1000,14584,219612,62708,"BAUMGARTNER, MICHAEL JAMES",R,7484,"CONROY, CARMELA","BAUMGARTNER, MICHAEL JAMES",,6.4168377823408616,93.58316221765914,R
WA,06,6,WA-06,8,7,3260999,56550,43.0,2738453,76,972151,76,56550,0,2738377,972075,"RANDALL, EMILY",D,29750,"RANDALL, EMILY","CLARK, JANIS MENEATRICE",,100.0,0.0,D
WA,07,7,WA-07,6,4,1623620,40475,50.0,3053,0,3019,0,40475,0,3053,3019,"JAYAPAL, PRAMILA",D,40475,"JAYAPAL, PRAMILA","MOON, CLIFFORD E","ISHII, DAVID",100.0,0.0,D
WA,08,8,WA-08,4,4,5047793,166037,120.0,40436,375000,6239,375000,165737,300,-334564,-368761,"SCHRIER, KIM DR.",D,103737,"SCHRIER, KIM DR.","CARMEN, GOERS",,99.81931738106566,0.1806826189343339,D
WA,09,9,WA-09,6,6,1142921,160895,73.0,3295,0,3285,0,160895,0,3295,3285,"CHAUDHRY, MELISSA",D,104895,"CHAUDHRY, MELISSA","GREENE, CLIFFORD MARK",,100.0,0.0,D
WA,10,10,WA-10,10,9,1128339,32137,20.0,3126,0,3062,0,32137,0,3126,3062,"STRICKLAND, MARILYN",D,32137,"STRICKLAND, MARILYN","HEWETT, DON",,100.0,0.0,D
WI,01,1,WI-01,8,7,5195589,34100,15.0,912727,120801,833305,119805,25000,9100,791926,713500,"BARCA, PETER",D,12500,"BARCA, PETER","STEIL, BRYAN GEORGE","TODD, CHESTER",73.31378299120234,26.68621700879765,D
WI,02,2,WI-02,4,4,549058,0,0.0,684,0,0,0,0,0,684,0,"POCAN, MARK",D,0,"POCAN, MARK","BARRY, CHARITY",,,,Unknown
WI,03,3,WI-03,8,7,10884936,82962,100.0,2461484,9780401,1997247,7387365,82603,359,-7318917,-5390118,"COOKE, REBECCA",D,41009,"COOKE, REBECCA","VAN ORDEN, DERRICK F. MR.","PROVANCE, RUSTIN LEVERN",99.56727176297582,0.43272823702417973,D
WI,04,4,WI-04,8,5,374246,0,0.0,137,0,0,0,0,0,137,0,"MOORE, GWEN S",D,0,"MOORE, GWEN S","NATH, PURNIMA",,,,Unknown
WI,05,5,WI-05,3,3,465771,0,0.0,57656,0,1647,0,0,0,57656,1647,"FITZGERALD, SCOTT",R,0,"STEINHOFF, BEN","FITZGERALD, SCOTT",,,,Unknown
WI,06,6,WI-06,4,4,611605,0,0.0,5696,0,1554,0,0,0,5696,1554,"GROTHMAN, GLENN S.",R,0,"WASHBURN, AMY IRENE MS.","GROTHMAN, GLENN S.",,,,Unknown
WI,07,7,WI-07,4,4,949164,0,0.0,33790,0,4108,0,0,0,33790,4108,"KILBOURN, KYLE",D,0,"KILBOURN, KYLE","TIFFANY, TOM",,,,Unknown
WI,08,8,WI-08,6,6,3331069,73725,25.0,1291911,753189,1380,0,1225,72500,538722,1380,"GALLAGHER, MICHAEL JOHN",R,71500,"LYERLY, KRISTIN","GALLAGHER, MICHAEL JOHN",,1.6615801966768398,98.33841980332316,R
WV,01,1,WV-01,5,4,713309,1000,1.0,48035,0,27910,0,0,1000,48035,27910,"MILLER, CAROL DEVINE",R,1000,"UMBERGER, JAMES MILTON","MILLER, CAROL DEVINE","HOLDEN, WES",0.0,100.0,R
WV,02,2,WV-02,9,9,1080926,4518,5.0,1113984,0,269496,0,500,4018,1113984,269496,"MOORE, RILEY",R,3550,"WENDELIN, STEVEN COMMANDER USN, (RET)","MOORE, RILEY",,11.066843736166446,88.93315626383355,R
WY,AL,0,WY-AL,6,3,1160728,100,1.0,10000,0,0,0,0,100,10000,0,"HAGEMAN, HARRIET",R,100,"CAMERON, KYLE G.","HAGEMAN, HARRIET","BRUBAKER, RICHARD",0.0,100.0,R
